ruta,fuente,pais,etiqueta,particion
C:/Users/napop/leaf-plate-data/bracol/coffee-datasets/coffee-datasets/leaf/images/1416.jpg,bracol,Brasil,cercospora,train
C:/Users/napop/leaf-plate-data/bracol/coffee-datasets/coffee-datasets/leaf/images/1644.jpg,bracol,Brasil,cercospora,train
C:/Users/napop/leaf-plate-data/bracol/coffee-datasets/coffee-datasets/leaf/images/1215.jpg,bracol,Brasil,cercospora,train
C:/Users/napop/leaf-plate-data/bracol/coffee-datasets/coffee-datasets/leaf/images/1016.jpg,bracol,Brasil,cercospora,train
C:/Users/napop/leaf-plate-data/bracol/coffee-datasets/coffee-datasets/leaf/images/1689.jpg,bracol,Brasil,cercospora,train
C:/Users/napop/leaf-plate-data/bracol/coffee-datasets/coffee-datasets/leaf/images/1410.jpg,bracol,Brasil,cercospora,train
C:/Users/napop/leaf-plate-data/bracol/coffee-datasets/coffee-datasets/leaf/images/1549.jpg,bracol,Brasil,cercospora,train
C:/Users/napop/leaf-plate-data/bracol/coffee-datasets/coffee-datasets/leaf/images/682.jpg,bracol,Brasil,cercospora,train
C:/Users/napop/leaf-plate-data/bracol/coffee-datasets/coffee-datasets/leaf/images/535.jpg,bracol,Brasil,cercospora,train
C:/Users/napop/leaf-plate-data/bracol/coffee-datasets/coffee-datasets/leaf/images/1323.jpg,bracol,Brasil,cercospora,train
C:/Users/napop/leaf-plate-data/bracol/coffee-datasets/coffee-datasets/leaf/images/1724.jpg,bracol,Brasil,cercospora,train
C:/Users/napop/leaf-plate-data/bracol/coffee-datasets/coffee-datasets/leaf/images/1576.jpg,bracol,Brasil,cercospora,train
C:/Users/napop/leaf-plate-data/bracol/coffee-datasets/coffee-datasets/leaf/images/1718.jpg,bracol,Brasil,cercospora,train
C:/Users/napop/leaf-plate-data/bracol/coffee-datasets/coffee-datasets/leaf/images/1246.jpg,bracol,Brasil,cercospora,train
C:/Users/napop/leaf-plate-data/bracol/coffee-datasets/coffee-datasets/leaf/images/1577.jpg,bracol,Brasil,cercospora,train
C:/Users/napop/leaf-plate-data/bracol/coffee-datasets/coffee-datasets/leaf/images/1708.jpg,bracol,Brasil,cercospora,train
C:/Users/napop/leaf-plate-data/bracol/coffee-datasets/coffee-datasets/leaf/images/1485.jpg,bracol,Brasil,cercospora,train
C:/Users/napop/leaf-plate-data/bracol/coffee-datasets/coffee-datasets/leaf/images/1357.jpg,bracol,Brasil,cercospora,train
C:/Users/napop/leaf-plate-data/bracol/coffee-datasets/coffee-datasets/leaf/images/1675.jpg,bracol,Brasil,cercospora,train
C:/Users/napop/leaf-plate-data/bracol/coffee-datasets/coffee-datasets/leaf/images/1013.jpg,bracol,Brasil,cercospora,train
C:/Users/napop/leaf-plate-data/bracol/coffee-datasets/coffee-datasets/leaf/images/566.jpg,bracol,Brasil,cercospora,train
C:/Users/napop/leaf-plate-data/bracol/coffee-datasets/coffee-datasets/leaf/images/1669.jpg,bracol,Brasil,cercospora,train
C:/Users/napop/leaf-plate-data/bracol/coffee-datasets/coffee-datasets/leaf/images/1686.jpg,bracol,Brasil,cercospora,train
C:/Users/napop/leaf-plate-data/bracol/coffee-datasets/coffee-datasets/leaf/images/1589.jpg,bracol,Brasil,cercospora,train
C:/Users/napop/leaf-plate-data/bracol/coffee-datasets/coffee-datasets/leaf/images/62.jpg,bracol,Brasil,cercospora,train
C:/Users/napop/leaf-plate-data/bracol/coffee-datasets/coffee-datasets/leaf/images/1673.jpg,bracol,Brasil,cercospora,train
C:/Users/napop/leaf-plate-data/bracol/coffee-datasets/coffee-datasets/leaf/images/1582.jpg,bracol,Brasil,cercospora,train
C:/Users/napop/leaf-plate-data/bracol/coffee-datasets/coffee-datasets/leaf/images/1604.jpg,bracol,Brasil,cercospora,train
C:/Users/napop/leaf-plate-data/bracol/coffee-datasets/coffee-datasets/leaf/images/1553.jpg,bracol,Brasil,cercospora,train
C:/Users/napop/leaf-plate-data/bracol/coffee-datasets/coffee-datasets/leaf/images/1462.jpg,bracol,Brasil,cercospora,train
C:/Users/napop/leaf-plate-data/bracol/coffee-datasets/coffee-datasets/leaf/images/1653.jpg,bracol,Brasil,cercospora,train
C:/Users/napop/leaf-plate-data/bracol/coffee-datasets/coffee-datasets/leaf/images/1065.jpg,bracol,Brasil,cercospora,train
C:/Users/napop/leaf-plate-data/bracol/coffee-datasets/coffee-datasets/leaf/images/1484.jpg,bracol,Brasil,cercospora,train
C:/Users/napop/leaf-plate-data/bracol/coffee-datasets/coffee-datasets/leaf/images/567.jpg,bracol,Brasil,cercospora,train
C:/Users/napop/leaf-plate-data/bracol/coffee-datasets/coffee-datasets/leaf/images/659.jpg,bracol,Brasil,cercospora,train
C:/Users/napop/leaf-plate-data/bracol/coffee-datasets/coffee-datasets/leaf/images/1730.jpg,bracol,Brasil,cercospora,train
C:/Users/napop/leaf-plate-data/bracol/coffee-datasets/coffee-datasets/leaf/images/1591.jpg,bracol,Brasil,cercospora,train
C:/Users/napop/leaf-plate-data/bracol/coffee-datasets/coffee-datasets/leaf/images/1387.jpg,bracol,Brasil,cercospora,train
C:/Users/napop/leaf-plate-data/bracol/coffee-datasets/coffee-datasets/leaf/images/1725.jpg,bracol,Brasil,cercospora,train
C:/Users/napop/leaf-plate-data/bracol/coffee-datasets/coffee-datasets/leaf/images/1735.jpg,bracol,Brasil,cercospora,train
C:/Users/napop/leaf-plate-data/bracol/coffee-datasets/coffee-datasets/leaf/images/1677.jpg,bracol,Brasil,cercospora,train
C:/Users/napop/leaf-plate-data/bracol/coffee-datasets/coffee-datasets/leaf/images/1252.jpg,bracol,Brasil,cercospora,train
C:/Users/napop/leaf-plate-data/bracol/coffee-datasets/coffee-datasets/leaf/images/1555.jpg,bracol,Brasil,cercospora,train
C:/Users/napop/leaf-plate-data/bracol/coffee-datasets/coffee-datasets/leaf/images/1249.jpg,bracol,Brasil,cercospora,train
C:/Users/napop/leaf-plate-data/bracol/coffee-datasets/coffee-datasets/leaf/images/1438.jpg,bracol,Brasil,cercospora,train
C:/Users/napop/leaf-plate-data/bracol/coffee-datasets/coffee-datasets/leaf/images/1417.jpg,bracol,Brasil,cercospora,train
C:/Users/napop/leaf-plate-data/bracol/coffee-datasets/coffee-datasets/leaf/images/1700.jpg,bracol,Brasil,cercospora,train
C:/Users/napop/leaf-plate-data/bracol/coffee-datasets/coffee-datasets/leaf/images/1469.jpg,bracol,Brasil,cercospora,train
C:/Users/napop/leaf-plate-data/bracol/coffee-datasets/coffee-datasets/leaf/images/1045.jpg,bracol,Brasil,cercospora,train
C:/Users/napop/leaf-plate-data/bracol/coffee-datasets/coffee-datasets/leaf/images/579.jpg,bracol,Brasil,cercospora,train
C:/Users/napop/leaf-plate-data/bracol/coffee-datasets/coffee-datasets/leaf/images/1618.jpg,bracol,Brasil,cercospora,train
C:/Users/napop/leaf-plate-data/bracol/coffee-datasets/coffee-datasets/leaf/images/1158.jpg,bracol,Brasil,cercospora,train
C:/Users/napop/leaf-plate-data/bracol/coffee-datasets/coffee-datasets/leaf/images/1251.jpg,bracol,Brasil,cercospora,train
C:/Users/napop/leaf-plate-data/bracol/coffee-datasets/coffee-datasets/leaf/images/1538.jpg,bracol,Brasil,cercospora,train
C:/Users/napop/leaf-plate-data/bracol/coffee-datasets/coffee-datasets/leaf/images/1611.jpg,bracol,Brasil,cercospora,train
C:/Users/napop/leaf-plate-data/bracol/coffee-datasets/coffee-datasets/leaf/images/1655.jpg,bracol,Brasil,cercospora,train
C:/Users/napop/leaf-plate-data/bracol/coffee-datasets/coffee-datasets/leaf/images/1404.jpg,bracol,Brasil,cercospora,train
C:/Users/napop/leaf-plate-data/bracol/coffee-datasets/coffee-datasets/leaf/images/466.jpg,bracol,Brasil,cercospora,train
C:/Users/napop/leaf-plate-data/bracol/coffee-datasets/coffee-datasets/leaf/images/604.jpg,bracol,Brasil,cercospora,train
C:/Users/napop/leaf-plate-data/bracol/coffee-datasets/coffee-datasets/leaf/images/1608.jpg,bracol,Brasil,cercospora,train
C:/Users/napop/leaf-plate-data/bracol/coffee-datasets/coffee-datasets/leaf/images/1720.jpg,bracol,Brasil,cercospora,train
C:/Users/napop/leaf-plate-data/bracol/coffee-datasets/coffee-datasets/leaf/images/1732.jpg,bracol,Brasil,cercospora,train
C:/Users/napop/leaf-plate-data/bracol/coffee-datasets/coffee-datasets/leaf/images/634.jpg,bracol,Brasil,cercospora,train
C:/Users/napop/leaf-plate-data/bracol/coffee-datasets/coffee-datasets/leaf/images/1478.jpg,bracol,Brasil,cercospora,train
C:/Users/napop/leaf-plate-data/bracol/coffee-datasets/coffee-datasets/leaf/images/1654.jpg,bracol,Brasil,cercospora,train
C:/Users/napop/leaf-plate-data/bracol/coffee-datasets/coffee-datasets/leaf/images/1663.jpg,bracol,Brasil,cercospora,train
C:/Users/napop/leaf-plate-data/bracol/coffee-datasets/coffee-datasets/leaf/images/1159.jpg,bracol,Brasil,cercospora,train
C:/Users/napop/leaf-plate-data/bracol/coffee-datasets/coffee-datasets/leaf/images/1719.jpg,bracol,Brasil,cercospora,train
C:/Users/napop/leaf-plate-data/bracol/coffee-datasets/coffee-datasets/leaf/images/1697.jpg,bracol,Brasil,cercospora,train
C:/Users/napop/leaf-plate-data/bracol/coffee-datasets/coffee-datasets/leaf/images/1403.jpg,bracol,Brasil,cercospora,train
C:/Users/napop/leaf-plate-data/bracol/coffee-datasets/coffee-datasets/leaf/images/679.jpg,bracol,Brasil,cercospora,train
C:/Users/napop/leaf-plate-data/bracol/coffee-datasets/coffee-datasets/leaf/images/1496.jpg,bracol,Brasil,cercospora,train
C:/Users/napop/leaf-plate-data/bracol/coffee-datasets/coffee-datasets/leaf/images/1578.jpg,bracol,Brasil,cercospora,train
C:/Users/napop/leaf-plate-data/bracol/coffee-datasets/coffee-datasets/leaf/images/1579.jpg,bracol,Brasil,cercospora,train
C:/Users/napop/leaf-plate-data/bracol/coffee-datasets/coffee-datasets/leaf/images/1453.jpg,bracol,Brasil,cercospora,train
C:/Users/napop/leaf-plate-data/bracol/coffee-datasets/coffee-datasets/leaf/images/555.jpg,bracol,Brasil,cercospora,train
C:/Users/napop/leaf-plate-data/bracol/coffee-datasets/coffee-datasets/leaf/images/1621.jpg,bracol,Brasil,cercospora,train
C:/Users/napop/leaf-plate-data/bracol/coffee-datasets/coffee-datasets/leaf/images/1601.jpg,bracol,Brasil,cercospora,train
C:/Users/napop/leaf-plate-data/bracol/coffee-datasets/coffee-datasets/leaf/images/1333.jpg,bracol,Brasil,cercospora,train
C:/Users/napop/leaf-plate-data/bracol/coffee-datasets/coffee-datasets/leaf/images/1658.jpg,bracol,Brasil,cercospora,train
C:/Users/napop/leaf-plate-data/bracol/coffee-datasets/coffee-datasets/leaf/images/1746.jpg,bracol,Brasil,cercospora,train
C:/Users/napop/leaf-plate-data/bracol/coffee-datasets/coffee-datasets/leaf/images/525.jpg,bracol,Brasil,cercospora,train
C:/Users/napop/leaf-plate-data/bracol/coffee-datasets/coffee-datasets/leaf/images/569.jpg,bracol,Brasil,cercospora,train
C:/Users/napop/leaf-plate-data/bracol/coffee-datasets/coffee-datasets/leaf/images/562.jpg,bracol,Brasil,cercospora,train
C:/Users/napop/leaf-plate-data/bracol/coffee-datasets/coffee-datasets/leaf/images/653.jpg,bracol,Brasil,cercospora,train
C:/Users/napop/leaf-plate-data/bracol/coffee-datasets/coffee-datasets/leaf/images/1501.jpg,bracol,Brasil,cercospora,train
C:/Users/napop/leaf-plate-data/bracol/coffee-datasets/coffee-datasets/leaf/images/648.jpg,bracol,Brasil,cercospora,train
C:/Users/napop/leaf-plate-data/bracol/coffee-datasets/coffee-datasets/leaf/images/1660.jpg,bracol,Brasil,cercospora,train
C:/Users/napop/leaf-plate-data/bracol/coffee-datasets/coffee-datasets/leaf/images/1711.jpg,bracol,Brasil,cercospora,train
C:/Users/napop/leaf-plate-data/bracol/coffee-datasets/coffee-datasets/leaf/images/1741.jpg,bracol,Brasil,cercospora,train
C:/Users/napop/leaf-plate-data/bracol/coffee-datasets/coffee-datasets/leaf/images/1202.jpg,bracol,Brasil,cercospora,train
C:/Users/napop/leaf-plate-data/bracol/coffee-datasets/coffee-datasets/leaf/images/1256.jpg,bracol,Brasil,cercospora,train
C:/Users/napop/leaf-plate-data/bracol/coffee-datasets/coffee-datasets/leaf/images/1676.jpg,bracol,Brasil,cercospora,train
C:/Users/napop/leaf-plate-data/bracol/coffee-datasets/coffee-datasets/leaf/images/1728.jpg,bracol,Brasil,cercospora,train
C:/Users/napop/leaf-plate-data/bracol/coffee-datasets/coffee-datasets/leaf/images/1446.jpg,bracol,Brasil,cercospora,train
C:/Users/napop/leaf-plate-data/bracol/coffee-datasets/coffee-datasets/leaf/images/1745.jpg,bracol,Brasil,cercospora,val
C:/Users/napop/leaf-plate-data/bracol/coffee-datasets/coffee-datasets/leaf/images/517.jpg,bracol,Brasil,cercospora,val
C:/Users/napop/leaf-plate-data/bracol/coffee-datasets/coffee-datasets/leaf/images/1625.jpg,bracol,Brasil,cercospora,val
C:/Users/napop/leaf-plate-data/bracol/coffee-datasets/coffee-datasets/leaf/images/652.jpg,bracol,Brasil,cercospora,val
C:/Users/napop/leaf-plate-data/bracol/coffee-datasets/coffee-datasets/leaf/images/577.jpg,bracol,Brasil,cercospora,val
C:/Users/napop/leaf-plate-data/bracol/coffee-datasets/coffee-datasets/leaf/images/1441.jpg,bracol,Brasil,cercospora,val
C:/Users/napop/leaf-plate-data/bracol/coffee-datasets/coffee-datasets/leaf/images/1220.jpg,bracol,Brasil,cercospora,val
C:/Users/napop/leaf-plate-data/bracol/coffee-datasets/coffee-datasets/leaf/images/1631.jpg,bracol,Brasil,cercospora,val
C:/Users/napop/leaf-plate-data/bracol/coffee-datasets/coffee-datasets/leaf/images/1083.jpg,bracol,Brasil,cercospora,val
C:/Users/napop/leaf-plate-data/bracol/coffee-datasets/coffee-datasets/leaf/images/504.jpg,bracol,Brasil,cercospora,val
C:/Users/napop/leaf-plate-data/bracol/coffee-datasets/coffee-datasets/leaf/images/1090.jpg,bracol,Brasil,cercospora,val
C:/Users/napop/leaf-plate-data/bracol/coffee-datasets/coffee-datasets/leaf/images/1550.jpg,bracol,Brasil,cercospora,val
C:/Users/napop/leaf-plate-data/bracol/coffee-datasets/coffee-datasets/leaf/images/439.jpg,bracol,Brasil,cercospora,val
C:/Users/napop/leaf-plate-data/bracol/coffee-datasets/coffee-datasets/leaf/images/1636.jpg,bracol,Brasil,cercospora,val
C:/Users/napop/leaf-plate-data/bracol/coffee-datasets/coffee-datasets/leaf/images/55.jpg,bracol,Brasil,cercospora,val
C:/Users/napop/leaf-plate-data/bracol/coffee-datasets/coffee-datasets/leaf/images/1642.jpg,bracol,Brasil,cercospora,val
C:/Users/napop/leaf-plate-data/bracol/coffee-datasets/coffee-datasets/leaf/images/494.jpg,bracol,Brasil,cercospora,val
C:/Users/napop/leaf-plate-data/bracol/coffee-datasets/coffee-datasets/leaf/images/1659.jpg,bracol,Brasil,cercospora,val
C:/Users/napop/leaf-plate-data/bracol/coffee-datasets/coffee-datasets/leaf/images/1361.jpg,bracol,Brasil,cercospora,val
C:/Users/napop/leaf-plate-data/bracol/coffee-datasets/coffee-datasets/leaf/images/1214.jpg,bracol,Brasil,cercospora,val
C:/Users/napop/leaf-plate-data/bracol/coffee-datasets/coffee-datasets/leaf/images/1634.jpg,bracol,Brasil,cercospora,test
C:/Users/napop/leaf-plate-data/bracol/coffee-datasets/coffee-datasets/leaf/images/1733.jpg,bracol,Brasil,cercospora,test
C:/Users/napop/leaf-plate-data/bracol/coffee-datasets/coffee-datasets/leaf/images/1091.jpg,bracol,Brasil,cercospora,test
C:/Users/napop/leaf-plate-data/bracol/coffee-datasets/coffee-datasets/leaf/images/611.jpg,bracol,Brasil,cercospora,test
C:/Users/napop/leaf-plate-data/bracol/coffee-datasets/coffee-datasets/leaf/images/1630.jpg,bracol,Brasil,cercospora,test
C:/Users/napop/leaf-plate-data/bracol/coffee-datasets/coffee-datasets/leaf/images/594.jpg,bracol,Brasil,cercospora,test
C:/Users/napop/leaf-plate-data/bracol/coffee-datasets/coffee-datasets/leaf/images/1393.jpg,bracol,Brasil,cercospora,test
C:/Users/napop/leaf-plate-data/bracol/coffee-datasets/coffee-datasets/leaf/images/1101.jpg,bracol,Brasil,cercospora,test
C:/Users/napop/leaf-plate-data/bracol/coffee-datasets/coffee-datasets/leaf/images/1573.jpg,bracol,Brasil,cercospora,test
C:/Users/napop/leaf-plate-data/bracol/coffee-datasets/coffee-datasets/leaf/images/1575.jpg,bracol,Brasil,cercospora,test
C:/Users/napop/leaf-plate-data/bracol/coffee-datasets/coffee-datasets/leaf/images/1175.jpg,bracol,Brasil,cercospora,test
C:/Users/napop/leaf-plate-data/bracol/coffee-datasets/coffee-datasets/leaf/images/1067.jpg,bracol,Brasil,cercospora,test
C:/Users/napop/leaf-plate-data/bracol/coffee-datasets/coffee-datasets/leaf/images/1574.jpg,bracol,Brasil,cercospora,test
C:/Users/napop/leaf-plate-data/bracol/coffee-datasets/coffee-datasets/leaf/images/1205.jpg,bracol,Brasil,cercospora,test
C:/Users/napop/leaf-plate-data/bracol/coffee-datasets/coffee-datasets/leaf/images/1706.jpg,bracol,Brasil,cercospora,test
C:/Users/napop/leaf-plate-data/bracol/coffee-datasets/coffee-datasets/leaf/images/1313.jpg,bracol,Brasil,cercospora,test
C:/Users/napop/leaf-plate-data/bracol/coffee-datasets/coffee-datasets/leaf/images/1221.jpg,bracol,Brasil,cercospora,test
C:/Users/napop/leaf-plate-data/bracol/coffee-datasets/coffee-datasets/leaf/images/1200.jpg,bracol,Brasil,cercospora,test
C:/Users/napop/leaf-plate-data/bracol/coffee-datasets/coffee-datasets/leaf/images/1727.jpg,bracol,Brasil,cercospora,test
C:/Users/napop/leaf-plate-data/bracol/coffee-datasets/coffee-datasets/leaf/images/1444.jpg,bracol,Brasil,cercospora,test
C:/Users/napop/leaf-plate-data/bracol/coffee-datasets/coffee-datasets/leaf/images/1661.jpg,bracol,Brasil,cercospora,test
C:/Users/napop/leaf-plate-data/bracol/coffee-datasets/coffee-datasets/leaf/images/1129.jpg,bracol,Brasil,minador,train
C:/Users/napop/leaf-plate-data/bracol/coffee-datasets/coffee-datasets/leaf/images/214.jpg,bracol,Brasil,minador,train
C:/Users/napop/leaf-plate-data/bracol/coffee-datasets/coffee-datasets/leaf/images/27.jpg,bracol,Brasil,minador,train
C:/Users/napop/leaf-plate-data/bracol/coffee-datasets/coffee-datasets/leaf/images/1499.jpg,bracol,Brasil,minador,train
C:/Users/napop/leaf-plate-data/bracol/coffee-datasets/coffee-datasets/leaf/images/212.jpg,bracol,Brasil,minador,train
C:/Users/napop/leaf-plate-data/bracol/coffee-datasets/coffee-datasets/leaf/images/1121.jpg,bracol,Brasil,minador,train
C:/Users/napop/leaf-plate-data/bracol/coffee-datasets/coffee-datasets/leaf/images/1324.jpg,bracol,Brasil,minador,train
C:/Users/napop/leaf-plate-data/bracol/coffee-datasets/coffee-datasets/leaf/images/1143.jpg,bracol,Brasil,minador,train
C:/Users/napop/leaf-plate-data/bracol/coffee-datasets/coffee-datasets/leaf/images/1136.jpg,bracol,Brasil,minador,train
C:/Users/napop/leaf-plate-data/bracol/coffee-datasets/coffee-datasets/leaf/images/39.jpg,bracol,Brasil,minador,train
C:/Users/napop/leaf-plate-data/bracol/coffee-datasets/coffee-datasets/leaf/images/1014.jpg,bracol,Brasil,minador,train
C:/Users/napop/leaf-plate-data/bracol/coffee-datasets/coffee-datasets/leaf/images/1096.jpg,bracol,Brasil,minador,train
C:/Users/napop/leaf-plate-data/bracol/coffee-datasets/coffee-datasets/leaf/images/44.jpg,bracol,Brasil,minador,train
C:/Users/napop/leaf-plate-data/bracol/coffee-datasets/coffee-datasets/leaf/images/50.jpg,bracol,Brasil,minador,train
C:/Users/napop/leaf-plate-data/bracol/coffee-datasets/coffee-datasets/leaf/images/228.jpg,bracol,Brasil,minador,train
C:/Users/napop/leaf-plate-data/bracol/coffee-datasets/coffee-datasets/leaf/images/1322.jpg,bracol,Brasil,minador,train
C:/Users/napop/leaf-plate-data/bracol/coffee-datasets/coffee-datasets/leaf/images/1542.jpg,bracol,Brasil,minador,train
C:/Users/napop/leaf-plate-data/bracol/coffee-datasets/coffee-datasets/leaf/images/26.jpg,bracol,Brasil,minador,train
C:/Users/napop/leaf-plate-data/bracol/coffee-datasets/coffee-datasets/leaf/images/1062.jpg,bracol,Brasil,minador,train
C:/Users/napop/leaf-plate-data/bracol/coffee-datasets/coffee-datasets/leaf/images/1208.jpg,bracol,Brasil,minador,train
C:/Users/napop/leaf-plate-data/bracol/coffee-datasets/coffee-datasets/leaf/images/1142.jpg,bracol,Brasil,minador,train
C:/Users/napop/leaf-plate-data/bracol/coffee-datasets/coffee-datasets/leaf/images/662.jpg,bracol,Brasil,minador,train
C:/Users/napop/leaf-plate-data/bracol/coffee-datasets/coffee-datasets/leaf/images/1050.jpg,bracol,Brasil,minador,train
C:/Users/napop/leaf-plate-data/bracol/coffee-datasets/coffee-datasets/leaf/images/1005.jpg,bracol,Brasil,minador,train
C:/Users/napop/leaf-plate-data/bracol/coffee-datasets/coffee-datasets/leaf/images/1176.jpg,bracol,Brasil,minador,train
C:/Users/napop/leaf-plate-data/bracol/coffee-datasets/coffee-datasets/leaf/images/1161.jpg,bracol,Brasil,minador,train
C:/Users/napop/leaf-plate-data/bracol/coffee-datasets/coffee-datasets/leaf/images/1219.jpg,bracol,Brasil,minador,train
C:/Users/napop/leaf-plate-data/bracol/coffee-datasets/coffee-datasets/leaf/images/1421.jpg,bracol,Brasil,minador,train
C:/Users/napop/leaf-plate-data/bracol/coffee-datasets/coffee-datasets/leaf/images/1203.jpg,bracol,Brasil,minador,train
C:/Users/napop/leaf-plate-data/bracol/coffee-datasets/coffee-datasets/leaf/images/1024.jpg,bracol,Brasil,minador,train
C:/Users/napop/leaf-plate-data/bracol/coffee-datasets/coffee-datasets/leaf/images/1452.jpg,bracol,Brasil,minador,train
C:/Users/napop/leaf-plate-data/bracol/coffee-datasets/coffee-datasets/leaf/images/1107.jpg,bracol,Brasil,minador,train
C:/Users/napop/leaf-plate-data/bracol/coffee-datasets/coffee-datasets/leaf/images/1017.jpg,bracol,Brasil,minador,train
C:/Users/napop/leaf-plate-data/bracol/coffee-datasets/coffee-datasets/leaf/images/1063.jpg,bracol,Brasil,minador,train
C:/Users/napop/leaf-plate-data/bracol/coffee-datasets/coffee-datasets/leaf/images/1190.jpg,bracol,Brasil,minador,train
C:/Users/napop/leaf-plate-data/bracol/coffee-datasets/coffee-datasets/leaf/images/1119.jpg,bracol,Brasil,minador,train
C:/Users/napop/leaf-plate-data/bracol/coffee-datasets/coffee-datasets/leaf/images/1223.jpg,bracol,Brasil,minador,train
C:/Users/napop/leaf-plate-data/bracol/coffee-datasets/coffee-datasets/leaf/images/67.jpg,bracol,Brasil,minador,train
C:/Users/napop/leaf-plate-data/bracol/coffee-datasets/coffee-datasets/leaf/images/1146.jpg,bracol,Brasil,minador,train
C:/Users/napop/leaf-plate-data/bracol/coffee-datasets/coffee-datasets/leaf/images/57.jpg,bracol,Brasil,minador,train
C:/Users/napop/leaf-plate-data/bracol/coffee-datasets/coffee-datasets/leaf/images/1098.jpg,bracol,Brasil,minador,train
C:/Users/napop/leaf-plate-data/bracol/coffee-datasets/coffee-datasets/leaf/images/1166.jpg,bracol,Brasil,minador,train
C:/Users/napop/leaf-plate-data/bracol/coffee-datasets/coffee-datasets/leaf/images/1056.jpg,bracol,Brasil,minador,train
C:/Users/napop/leaf-plate-data/bracol/coffee-datasets/coffee-datasets/leaf/images/63.jpg,bracol,Brasil,minador,train
C:/Users/napop/leaf-plate-data/bracol/coffee-datasets/coffee-datasets/leaf/images/1130.jpg,bracol,Brasil,minador,train
C:/Users/napop/leaf-plate-data/bracol/coffee-datasets/coffee-datasets/leaf/images/224.jpg,bracol,Brasil,minador,train
C:/Users/napop/leaf-plate-data/bracol/coffee-datasets/coffee-datasets/leaf/images/1199.jpg,bracol,Brasil,minador,train
C:/Users/napop/leaf-plate-data/bracol/coffee-datasets/coffee-datasets/leaf/images/47.jpg,bracol,Brasil,minador,train
C:/Users/napop/leaf-plate-data/bracol/coffee-datasets/coffee-datasets/leaf/images/1120.jpg,bracol,Brasil,minador,train
C:/Users/napop/leaf-plate-data/bracol/coffee-datasets/coffee-datasets/leaf/images/38.jpg,bracol,Brasil,minador,train
C:/Users/napop/leaf-plate-data/bracol/coffee-datasets/coffee-datasets/leaf/images/1113.jpg,bracol,Brasil,minador,train
C:/Users/napop/leaf-plate-data/bracol/coffee-datasets/coffee-datasets/leaf/images/213.jpg,bracol,Brasil,minador,train
C:/Users/napop/leaf-plate-data/bracol/coffee-datasets/coffee-datasets/leaf/images/1173.jpg,bracol,Brasil,minador,train
C:/Users/napop/leaf-plate-data/bracol/coffee-datasets/coffee-datasets/leaf/images/1412.jpg,bracol,Brasil,minador,train
C:/Users/napop/leaf-plate-data/bracol/coffee-datasets/coffee-datasets/leaf/images/1021.jpg,bracol,Brasil,minador,train
C:/Users/napop/leaf-plate-data/bracol/coffee-datasets/coffee-datasets/leaf/images/1042.jpg,bracol,Brasil,minador,train
C:/Users/napop/leaf-plate-data/bracol/coffee-datasets/coffee-datasets/leaf/images/1015.jpg,bracol,Brasil,minador,train
C:/Users/napop/leaf-plate-data/bracol/coffee-datasets/coffee-datasets/leaf/images/1075.jpg,bracol,Brasil,minador,train
C:/Users/napop/leaf-plate-data/bracol/coffee-datasets/coffee-datasets/leaf/images/40.jpg,bracol,Brasil,minador,train
C:/Users/napop/leaf-plate-data/bracol/coffee-datasets/coffee-datasets/leaf/images/37.jpg,bracol,Brasil,minador,train
C:/Users/napop/leaf-plate-data/bracol/coffee-datasets/coffee-datasets/leaf/images/1451.jpg,bracol,Brasil,minador,train
C:/Users/napop/leaf-plate-data/bracol/coffee-datasets/coffee-datasets/leaf/images/53.jpg,bracol,Brasil,minador,train
C:/Users/napop/leaf-plate-data/bracol/coffee-datasets/coffee-datasets/leaf/images/1197.jpg,bracol,Brasil,minador,train
C:/Users/napop/leaf-plate-data/bracol/coffee-datasets/coffee-datasets/leaf/images/56.jpg,bracol,Brasil,minador,train
C:/Users/napop/leaf-plate-data/bracol/coffee-datasets/coffee-datasets/leaf/images/1003.jpg,bracol,Brasil,minador,train
C:/Users/napop/leaf-plate-data/bracol/coffee-datasets/coffee-datasets/leaf/images/1128.jpg,bracol,Brasil,minador,train
C:/Users/napop/leaf-plate-data/bracol/coffee-datasets/coffee-datasets/leaf/images/660.jpg,bracol,Brasil,minador,train
C:/Users/napop/leaf-plate-data/bracol/coffee-datasets/coffee-datasets/leaf/images/1188.jpg,bracol,Brasil,minador,train
C:/Users/napop/leaf-plate-data/bracol/coffee-datasets/coffee-datasets/leaf/images/1247.jpg,bracol,Brasil,minador,train
C:/Users/napop/leaf-plate-data/bracol/coffee-datasets/coffee-datasets/leaf/images/218.jpg,bracol,Brasil,minador,train
C:/Users/napop/leaf-plate-data/bracol/coffee-datasets/coffee-datasets/leaf/images/215.jpg,bracol,Brasil,minador,train
C:/Users/napop/leaf-plate-data/bracol/coffee-datasets/coffee-datasets/leaf/images/1030.jpg,bracol,Brasil,minador,train
C:/Users/napop/leaf-plate-data/bracol/coffee-datasets/coffee-datasets/leaf/images/1211.jpg,bracol,Brasil,minador,train
C:/Users/napop/leaf-plate-data/bracol/coffee-datasets/coffee-datasets/leaf/images/1026.jpg,bracol,Brasil,minador,train
C:/Users/napop/leaf-plate-data/bracol/coffee-datasets/coffee-datasets/leaf/images/676.jpg,bracol,Brasil,minador,train
C:/Users/napop/leaf-plate-data/bracol/coffee-datasets/coffee-datasets/leaf/images/1031.jpg,bracol,Brasil,minador,train
C:/Users/napop/leaf-plate-data/bracol/coffee-datasets/coffee-datasets/leaf/images/1147.jpg,bracol,Brasil,minador,train
C:/Users/napop/leaf-plate-data/bracol/coffee-datasets/coffee-datasets/leaf/images/1086.jpg,bracol,Brasil,minador,train
C:/Users/napop/leaf-plate-data/bracol/coffee-datasets/coffee-datasets/leaf/images/588.jpg,bracol,Brasil,minador,train
C:/Users/napop/leaf-plate-data/bracol/coffee-datasets/coffee-datasets/leaf/images/1082.jpg,bracol,Brasil,minador,train
C:/Users/napop/leaf-plate-data/bracol/coffee-datasets/coffee-datasets/leaf/images/1020.jpg,bracol,Brasil,minador,train
C:/Users/napop/leaf-plate-data/bracol/coffee-datasets/coffee-datasets/leaf/images/52.jpg,bracol,Brasil,minador,train
C:/Users/napop/leaf-plate-data/bracol/coffee-datasets/coffee-datasets/leaf/images/48.jpg,bracol,Brasil,minador,train
C:/Users/napop/leaf-plate-data/bracol/coffee-datasets/coffee-datasets/leaf/images/1097.jpg,bracol,Brasil,minador,train
C:/Users/napop/leaf-plate-data/bracol/coffee-datasets/coffee-datasets/leaf/images/1033.jpg,bracol,Brasil,minador,train
C:/Users/napop/leaf-plate-data/bracol/coffee-datasets/coffee-datasets/leaf/images/51.jpg,bracol,Brasil,minador,train
C:/Users/napop/leaf-plate-data/bracol/coffee-datasets/coffee-datasets/leaf/images/1509.jpg,bracol,Brasil,minador,train
C:/Users/napop/leaf-plate-data/bracol/coffee-datasets/coffee-datasets/leaf/images/1227.jpg,bracol,Brasil,minador,train
C:/Users/napop/leaf-plate-data/bracol/coffee-datasets/coffee-datasets/leaf/images/28.jpg,bracol,Brasil,minador,train
C:/Users/napop/leaf-plate-data/bracol/coffee-datasets/coffee-datasets/leaf/images/1312.jpg,bracol,Brasil,minador,train
C:/Users/napop/leaf-plate-data/bracol/coffee-datasets/coffee-datasets/leaf/images/65.jpg,bracol,Brasil,minador,train
C:/Users/napop/leaf-plate-data/bracol/coffee-datasets/coffee-datasets/leaf/images/1138.jpg,bracol,Brasil,minador,train
C:/Users/napop/leaf-plate-data/bracol/coffee-datasets/coffee-datasets/leaf/images/1182.jpg,bracol,Brasil,minador,train
C:/Users/napop/leaf-plate-data/bracol/coffee-datasets/coffee-datasets/leaf/images/1139.jpg,bracol,Brasil,minador,train
C:/Users/napop/leaf-plate-data/bracol/coffee-datasets/coffee-datasets/leaf/images/1165.jpg,bracol,Brasil,minador,train
C:/Users/napop/leaf-plate-data/bracol/coffee-datasets/coffee-datasets/leaf/images/225.jpg,bracol,Brasil,minador,train
C:/Users/napop/leaf-plate-data/bracol/coffee-datasets/coffee-datasets/leaf/images/1133.jpg,bracol,Brasil,minador,train
C:/Users/napop/leaf-plate-data/bracol/coffee-datasets/coffee-datasets/leaf/images/447.jpg,bracol,Brasil,minador,train
C:/Users/napop/leaf-plate-data/bracol/coffee-datasets/coffee-datasets/leaf/images/1225.jpg,bracol,Brasil,minador,train
C:/Users/napop/leaf-plate-data/bracol/coffee-datasets/coffee-datasets/leaf/images/1477.jpg,bracol,Brasil,minador,train
C:/Users/napop/leaf-plate-data/bracol/coffee-datasets/coffee-datasets/leaf/images/1070.jpg,bracol,Brasil,minador,train
C:/Users/napop/leaf-plate-data/bracol/coffee-datasets/coffee-datasets/leaf/images/1222.jpg,bracol,Brasil,minador,train
C:/Users/napop/leaf-plate-data/bracol/coffee-datasets/coffee-datasets/leaf/images/1207.jpg,bracol,Brasil,minador,train
C:/Users/napop/leaf-plate-data/bracol/coffee-datasets/coffee-datasets/leaf/images/1519.jpg,bracol,Brasil,minador,train
C:/Users/napop/leaf-plate-data/bracol/coffee-datasets/coffee-datasets/leaf/images/227.jpg,bracol,Brasil,minador,train
C:/Users/napop/leaf-plate-data/bracol/coffee-datasets/coffee-datasets/leaf/images/23.jpg,bracol,Brasil,minador,train
C:/Users/napop/leaf-plate-data/bracol/coffee-datasets/coffee-datasets/leaf/images/1019.jpg,bracol,Brasil,minador,train
C:/Users/napop/leaf-plate-data/bracol/coffee-datasets/coffee-datasets/leaf/images/576.jpg,bracol,Brasil,minador,train
C:/Users/napop/leaf-plate-data/bracol/coffee-datasets/coffee-datasets/leaf/images/24.jpg,bracol,Brasil,minador,train
C:/Users/napop/leaf-plate-data/bracol/coffee-datasets/coffee-datasets/leaf/images/137.jpg,bracol,Brasil,minador,train
C:/Users/napop/leaf-plate-data/bracol/coffee-datasets/coffee-datasets/leaf/images/1172.jpg,bracol,Brasil,minador,train
C:/Users/napop/leaf-plate-data/bracol/coffee-datasets/coffee-datasets/leaf/images/580.jpg,bracol,Brasil,minador,train
C:/Users/napop/leaf-plate-data/bracol/coffee-datasets/coffee-datasets/leaf/images/1072.jpg,bracol,Brasil,minador,train
C:/Users/napop/leaf-plate-data/bracol/coffee-datasets/coffee-datasets/leaf/images/1132.jpg,bracol,Brasil,minador,train
C:/Users/napop/leaf-plate-data/bracol/coffee-datasets/coffee-datasets/leaf/images/59.jpg,bracol,Brasil,minador,train
C:/Users/napop/leaf-plate-data/bracol/coffee-datasets/coffee-datasets/leaf/images/1038.jpg,bracol,Brasil,minador,train
C:/Users/napop/leaf-plate-data/bracol/coffee-datasets/coffee-datasets/leaf/images/1055.jpg,bracol,Brasil,minador,train
C:/Users/napop/leaf-plate-data/bracol/coffee-datasets/coffee-datasets/leaf/images/1104.jpg,bracol,Brasil,minador,train
C:/Users/napop/leaf-plate-data/bracol/coffee-datasets/coffee-datasets/leaf/images/678.jpg,bracol,Brasil,minador,train
C:/Users/napop/leaf-plate-data/bracol/coffee-datasets/coffee-datasets/leaf/images/35.jpg,bracol,Brasil,minador,train
C:/Users/napop/leaf-plate-data/bracol/coffee-datasets/coffee-datasets/leaf/images/1562.jpg,bracol,Brasil,minador,train
C:/Users/napop/leaf-plate-data/bracol/coffee-datasets/coffee-datasets/leaf/images/585.jpg,bracol,Brasil,minador,train
C:/Users/napop/leaf-plate-data/bracol/coffee-datasets/coffee-datasets/leaf/images/66.jpg,bracol,Brasil,minador,train
C:/Users/napop/leaf-plate-data/bracol/coffee-datasets/coffee-datasets/leaf/images/61.jpg,bracol,Brasil,minador,train
C:/Users/napop/leaf-plate-data/bracol/coffee-datasets/coffee-datasets/leaf/images/1108.jpg,bracol,Brasil,minador,train
C:/Users/napop/leaf-plate-data/bracol/coffee-datasets/coffee-datasets/leaf/images/49.jpg,bracol,Brasil,minador,train
C:/Users/napop/leaf-plate-data/bracol/coffee-datasets/coffee-datasets/leaf/images/221.jpg,bracol,Brasil,minador,train
C:/Users/napop/leaf-plate-data/bracol/coffee-datasets/coffee-datasets/leaf/images/1100.jpg,bracol,Brasil,minador,train
C:/Users/napop/leaf-plate-data/bracol/coffee-datasets/coffee-datasets/leaf/images/29.jpg,bracol,Brasil,minador,train
C:/Users/napop/leaf-plate-data/bracol/coffee-datasets/coffee-datasets/leaf/images/1106.jpg,bracol,Brasil,minador,train
C:/Users/napop/leaf-plate-data/bracol/coffee-datasets/coffee-datasets/leaf/images/1078.jpg,bracol,Brasil,minador,train
C:/Users/napop/leaf-plate-data/bracol/coffee-datasets/coffee-datasets/leaf/images/1301.jpg,bracol,Brasil,minador,train
C:/Users/napop/leaf-plate-data/bracol/coffee-datasets/coffee-datasets/leaf/images/1141.jpg,bracol,Brasil,minador,train
C:/Users/napop/leaf-plate-data/bracol/coffee-datasets/coffee-datasets/leaf/images/1224.jpg,bracol,Brasil,minador,train
C:/Users/napop/leaf-plate-data/bracol/coffee-datasets/coffee-datasets/leaf/images/1099.jpg,bracol,Brasil,minador,train
C:/Users/napop/leaf-plate-data/bracol/coffee-datasets/coffee-datasets/leaf/images/644.jpg,bracol,Brasil,minador,train
C:/Users/napop/leaf-plate-data/bracol/coffee-datasets/coffee-datasets/leaf/images/1068.jpg,bracol,Brasil,minador,train
C:/Users/napop/leaf-plate-data/bracol/coffee-datasets/coffee-datasets/leaf/images/1585.jpg,bracol,Brasil,minador,train
C:/Users/napop/leaf-plate-data/bracol/coffee-datasets/coffee-datasets/leaf/images/632.jpg,bracol,Brasil,minador,train
C:/Users/napop/leaf-plate-data/bracol/coffee-datasets/coffee-datasets/leaf/images/1114.jpg,bracol,Brasil,minador,train
C:/Users/napop/leaf-plate-data/bracol/coffee-datasets/coffee-datasets/leaf/images/1035.jpg,bracol,Brasil,minador,train
C:/Users/napop/leaf-plate-data/bracol/coffee-datasets/coffee-datasets/leaf/images/1131.jpg,bracol,Brasil,minador,train
C:/Users/napop/leaf-plate-data/bracol/coffee-datasets/coffee-datasets/leaf/images/1392.jpg,bracol,Brasil,minador,train
C:/Users/napop/leaf-plate-data/bracol/coffee-datasets/coffee-datasets/leaf/images/46.jpg,bracol,Brasil,minador,train
C:/Users/napop/leaf-plate-data/bracol/coffee-datasets/coffee-datasets/leaf/images/1316.jpg,bracol,Brasil,minador,train
C:/Users/napop/leaf-plate-data/bracol/coffee-datasets/coffee-datasets/leaf/images/663.jpg,bracol,Brasil,minador,train
C:/Users/napop/leaf-plate-data/bracol/coffee-datasets/coffee-datasets/leaf/images/1155.jpg,bracol,Brasil,minador,train
C:/Users/napop/leaf-plate-data/bracol/coffee-datasets/coffee-datasets/leaf/images/1305.jpg,bracol,Brasil,minador,train
C:/Users/napop/leaf-plate-data/bracol/coffee-datasets/coffee-datasets/leaf/images/1088.jpg,bracol,Brasil,minador,train
C:/Users/napop/leaf-plate-data/bracol/coffee-datasets/coffee-datasets/leaf/images/1010.jpg,bracol,Brasil,minador,train
C:/Users/napop/leaf-plate-data/bracol/coffee-datasets/coffee-datasets/leaf/images/1244.jpg,bracol,Brasil,minador,train
C:/Users/napop/leaf-plate-data/bracol/coffee-datasets/coffee-datasets/leaf/images/42.jpg,bracol,Brasil,minador,train
C:/Users/napop/leaf-plate-data/bracol/coffee-datasets/coffee-datasets/leaf/images/1504.jpg,bracol,Brasil,minador,train
C:/Users/napop/leaf-plate-data/bracol/coffee-datasets/coffee-datasets/leaf/images/575.jpg,bracol,Brasil,minador,train
C:/Users/napop/leaf-plate-data/bracol/coffee-datasets/coffee-datasets/leaf/images/229.jpg,bracol,Brasil,minador,train
C:/Users/napop/leaf-plate-data/bracol/coffee-datasets/coffee-datasets/leaf/images/226.jpg,bracol,Brasil,minador,train
C:/Users/napop/leaf-plate-data/bracol/coffee-datasets/coffee-datasets/leaf/images/1058.jpg,bracol,Brasil,minador,train
C:/Users/napop/leaf-plate-data/bracol/coffee-datasets/coffee-datasets/leaf/images/620.jpg,bracol,Brasil,minador,train
C:/Users/napop/leaf-plate-data/bracol/coffee-datasets/coffee-datasets/leaf/images/1135.jpg,bracol,Brasil,minador,train
C:/Users/napop/leaf-plate-data/bracol/coffee-datasets/coffee-datasets/leaf/images/31.jpg,bracol,Brasil,minador,train
C:/Users/napop/leaf-plate-data/bracol/coffee-datasets/coffee-datasets/leaf/images/1213.jpg,bracol,Brasil,minador,train
C:/Users/napop/leaf-plate-data/bracol/coffee-datasets/coffee-datasets/leaf/images/1210.jpg,bracol,Brasil,minador,train
C:/Users/napop/leaf-plate-data/bracol/coffee-datasets/coffee-datasets/leaf/images/584.jpg,bracol,Brasil,minador,train
C:/Users/napop/leaf-plate-data/bracol/coffee-datasets/coffee-datasets/leaf/images/1044.jpg,bracol,Brasil,minador,train
C:/Users/napop/leaf-plate-data/bracol/coffee-datasets/coffee-datasets/leaf/images/1051.jpg,bracol,Brasil,minador,train
C:/Users/napop/leaf-plate-data/bracol/coffee-datasets/coffee-datasets/leaf/images/1212.jpg,bracol,Brasil,minador,train
C:/Users/napop/leaf-plate-data/bracol/coffee-datasets/coffee-datasets/leaf/images/220.jpg,bracol,Brasil,minador,train
C:/Users/napop/leaf-plate-data/bracol/coffee-datasets/coffee-datasets/leaf/images/1459.jpg,bracol,Brasil,minador,train
C:/Users/napop/leaf-plate-data/bracol/coffee-datasets/coffee-datasets/leaf/images/1145.jpg,bracol,Brasil,minador,train
C:/Users/napop/leaf-plate-data/bracol/coffee-datasets/coffee-datasets/leaf/images/1109.jpg,bracol,Brasil,minador,train
C:/Users/napop/leaf-plate-data/bracol/coffee-datasets/coffee-datasets/leaf/images/30.jpg,bracol,Brasil,minador,train
C:/Users/napop/leaf-plate-data/bracol/coffee-datasets/coffee-datasets/leaf/images/223.jpg,bracol,Brasil,minador,train
C:/Users/napop/leaf-plate-data/bracol/coffee-datasets/coffee-datasets/leaf/images/1162.jpg,bracol,Brasil,minador,train
C:/Users/napop/leaf-plate-data/bracol/coffee-datasets/coffee-datasets/leaf/images/22.jpg,bracol,Brasil,minador,train
C:/Users/napop/leaf-plate-data/bracol/coffee-datasets/coffee-datasets/leaf/images/25.jpg,bracol,Brasil,minador,train
C:/Users/napop/leaf-plate-data/bracol/coffee-datasets/coffee-datasets/leaf/images/1029.jpg,bracol,Brasil,minador,train
C:/Users/napop/leaf-plate-data/bracol/coffee-datasets/coffee-datasets/leaf/images/1012.jpg,bracol,Brasil,minador,train
C:/Users/napop/leaf-plate-data/bracol/coffee-datasets/coffee-datasets/leaf/images/1482.jpg,bracol,Brasil,minador,val
C:/Users/napop/leaf-plate-data/bracol/coffee-datasets/coffee-datasets/leaf/images/1157.jpg,bracol,Brasil,minador,val
C:/Users/napop/leaf-plate-data/bracol/coffee-datasets/coffee-datasets/leaf/images/1040.jpg,bracol,Brasil,minador,val
C:/Users/napop/leaf-plate-data/bracol/coffee-datasets/coffee-datasets/leaf/images/1311.jpg,bracol,Brasil,minador,val
C:/Users/napop/leaf-plate-data/bracol/coffee-datasets/coffee-datasets/leaf/images/607.jpg,bracol,Brasil,minador,val
C:/Users/napop/leaf-plate-data/bracol/coffee-datasets/coffee-datasets/leaf/images/1362.jpg,bracol,Brasil,minador,val
C:/Users/napop/leaf-plate-data/bracol/coffee-datasets/coffee-datasets/leaf/images/1000.jpg,bracol,Brasil,minador,val
C:/Users/napop/leaf-plate-data/bracol/coffee-datasets/coffee-datasets/leaf/images/32.jpg,bracol,Brasil,minador,val
C:/Users/napop/leaf-plate-data/bracol/coffee-datasets/coffee-datasets/leaf/images/41.jpg,bracol,Brasil,minador,val
C:/Users/napop/leaf-plate-data/bracol/coffee-datasets/coffee-datasets/leaf/images/1458.jpg,bracol,Brasil,minador,val
C:/Users/napop/leaf-plate-data/bracol/coffee-datasets/coffee-datasets/leaf/images/1144.jpg,bracol,Brasil,minador,val
C:/Users/napop/leaf-plate-data/bracol/coffee-datasets/coffee-datasets/leaf/images/1043.jpg,bracol,Brasil,minador,val
C:/Users/napop/leaf-plate-data/bracol/coffee-datasets/coffee-datasets/leaf/images/1064.jpg,bracol,Brasil,minador,val
C:/Users/napop/leaf-plate-data/bracol/coffee-datasets/coffee-datasets/leaf/images/1192.jpg,bracol,Brasil,minador,val
C:/Users/napop/leaf-plate-data/bracol/coffee-datasets/coffee-datasets/leaf/images/1092.jpg,bracol,Brasil,minador,val
C:/Users/napop/leaf-plate-data/bracol/coffee-datasets/coffee-datasets/leaf/images/1028.jpg,bracol,Brasil,minador,val
C:/Users/napop/leaf-plate-data/bracol/coffee-datasets/coffee-datasets/leaf/images/1077.jpg,bracol,Brasil,minador,val
C:/Users/napop/leaf-plate-data/bracol/coffee-datasets/coffee-datasets/leaf/images/1025.jpg,bracol,Brasil,minador,val
C:/Users/napop/leaf-plate-data/bracol/coffee-datasets/coffee-datasets/leaf/images/34.jpg,bracol,Brasil,minador,val
C:/Users/napop/leaf-plate-data/bracol/coffee-datasets/coffee-datasets/leaf/images/1512.jpg,bracol,Brasil,minador,val
C:/Users/napop/leaf-plate-data/bracol/coffee-datasets/coffee-datasets/leaf/images/1216.jpg,bracol,Brasil,minador,val
C:/Users/napop/leaf-plate-data/bracol/coffee-datasets/coffee-datasets/leaf/images/1041.jpg,bracol,Brasil,minador,val
C:/Users/napop/leaf-plate-data/bracol/coffee-datasets/coffee-datasets/leaf/images/36.jpg,bracol,Brasil,minador,val
C:/Users/napop/leaf-plate-data/bracol/coffee-datasets/coffee-datasets/leaf/images/1171.jpg,bracol,Brasil,minador,val
C:/Users/napop/leaf-plate-data/bracol/coffee-datasets/coffee-datasets/leaf/images/1170.jpg,bracol,Brasil,minador,val
C:/Users/napop/leaf-plate-data/bracol/coffee-datasets/coffee-datasets/leaf/images/1167.jpg,bracol,Brasil,minador,val
C:/Users/napop/leaf-plate-data/bracol/coffee-datasets/coffee-datasets/leaf/images/1343.jpg,bracol,Brasil,minador,val
C:/Users/napop/leaf-plate-data/bracol/coffee-datasets/coffee-datasets/leaf/images/64.jpg,bracol,Brasil,minador,val
C:/Users/napop/leaf-plate-data/bracol/coffee-datasets/coffee-datasets/leaf/images/33.jpg,bracol,Brasil,minador,val
C:/Users/napop/leaf-plate-data/bracol/coffee-datasets/coffee-datasets/leaf/images/1204.jpg,bracol,Brasil,minador,val
C:/Users/napop/leaf-plate-data/bracol/coffee-datasets/coffee-datasets/leaf/images/1023.jpg,bracol,Brasil,minador,val
C:/Users/napop/leaf-plate-data/bracol/coffee-datasets/coffee-datasets/leaf/images/230.jpg,bracol,Brasil,minador,val
C:/Users/napop/leaf-plate-data/bracol/coffee-datasets/coffee-datasets/leaf/images/216.jpg,bracol,Brasil,minador,val
C:/Users/napop/leaf-plate-data/bracol/coffee-datasets/coffee-datasets/leaf/images/1714.jpg,bracol,Brasil,minador,val
C:/Users/napop/leaf-plate-data/bracol/coffee-datasets/coffee-datasets/leaf/images/1487.jpg,bracol,Brasil,minador,val
C:/Users/napop/leaf-plate-data/bracol/coffee-datasets/coffee-datasets/leaf/images/1242.jpg,bracol,Brasil,minador,val
C:/Users/napop/leaf-plate-data/bracol/coffee-datasets/coffee-datasets/leaf/images/219.jpg,bracol,Brasil,minador,val
C:/Users/napop/leaf-plate-data/bracol/coffee-datasets/coffee-datasets/leaf/images/1053.jpg,bracol,Brasil,minador,val
C:/Users/napop/leaf-plate-data/bracol/coffee-datasets/coffee-datasets/leaf/images/1137.jpg,bracol,Brasil,minador,test
C:/Users/napop/leaf-plate-data/bracol/coffee-datasets/coffee-datasets/leaf/images/1351.jpg,bracol,Brasil,minador,test
C:/Users/napop/leaf-plate-data/bracol/coffee-datasets/coffee-datasets/leaf/images/1480.jpg,bracol,Brasil,minador,test
C:/Users/napop/leaf-plate-data/bracol/coffee-datasets/coffee-datasets/leaf/images/1160.jpg,bracol,Brasil,minador,test
C:/Users/napop/leaf-plate-data/bracol/coffee-datasets/coffee-datasets/leaf/images/1310.jpg,bracol,Brasil,minador,test
C:/Users/napop/leaf-plate-data/bracol/coffee-datasets/coffee-datasets/leaf/images/1178.jpg,bracol,Brasil,minador,test
C:/Users/napop/leaf-plate-data/bracol/coffee-datasets/coffee-datasets/leaf/images/1059.jpg,bracol,Brasil,minador,test
C:/Users/napop/leaf-plate-data/bracol/coffee-datasets/coffee-datasets/leaf/images/1002.jpg,bracol,Brasil,minador,test
C:/Users/napop/leaf-plate-data/bracol/coffee-datasets/coffee-datasets/leaf/images/1126.jpg,bracol,Brasil,minador,test
C:/Users/napop/leaf-plate-data/bracol/coffee-datasets/coffee-datasets/leaf/images/1117.jpg,bracol,Brasil,minador,test
C:/Users/napop/leaf-plate-data/bracol/coffee-datasets/coffee-datasets/leaf/images/1074.jpg,bracol,Brasil,minador,test
C:/Users/napop/leaf-plate-data/bracol/coffee-datasets/coffee-datasets/leaf/images/1435.jpg,bracol,Brasil,minador,test
C:/Users/napop/leaf-plate-data/bracol/coffee-datasets/coffee-datasets/leaf/images/45.jpg,bracol,Brasil,minador,test
C:/Users/napop/leaf-plate-data/bracol/coffee-datasets/coffee-datasets/leaf/images/1217.jpg,bracol,Brasil,minador,test
C:/Users/napop/leaf-plate-data/bracol/coffee-datasets/coffee-datasets/leaf/images/1004.jpg,bracol,Brasil,minador,test
C:/Users/napop/leaf-plate-data/bracol/coffee-datasets/coffee-datasets/leaf/images/60.jpg,bracol,Brasil,minador,test
C:/Users/napop/leaf-plate-data/bracol/coffee-datasets/coffee-datasets/leaf/images/21.jpg,bracol,Brasil,minador,test
C:/Users/napop/leaf-plate-data/bracol/coffee-datasets/coffee-datasets/leaf/images/623.jpg,bracol,Brasil,minador,test
C:/Users/napop/leaf-plate-data/bracol/coffee-datasets/coffee-datasets/leaf/images/622.jpg,bracol,Brasil,minador,test
C:/Users/napop/leaf-plate-data/bracol/coffee-datasets/coffee-datasets/leaf/images/1073.jpg,bracol,Brasil,minador,test
C:/Users/napop/leaf-plate-data/bracol/coffee-datasets/coffee-datasets/leaf/images/1032.jpg,bracol,Brasil,minador,test
C:/Users/napop/leaf-plate-data/bracol/coffee-datasets/coffee-datasets/leaf/images/1061.jpg,bracol,Brasil,minador,test
C:/Users/napop/leaf-plate-data/bracol/coffee-datasets/coffee-datasets/leaf/images/1102.jpg,bracol,Brasil,minador,test
C:/Users/napop/leaf-plate-data/bracol/coffee-datasets/coffee-datasets/leaf/images/1163.jpg,bracol,Brasil,minador,test
C:/Users/napop/leaf-plate-data/bracol/coffee-datasets/coffee-datasets/leaf/images/68.jpg,bracol,Brasil,minador,test
C:/Users/napop/leaf-plate-data/bracol/coffee-datasets/coffee-datasets/leaf/images/217.jpg,bracol,Brasil,minador,test
C:/Users/napop/leaf-plate-data/bracol/coffee-datasets/coffee-datasets/leaf/images/1153.jpg,bracol,Brasil,minador,test
C:/Users/napop/leaf-plate-data/bracol/coffee-datasets/coffee-datasets/leaf/images/1177.jpg,bracol,Brasil,minador,test
C:/Users/napop/leaf-plate-data/bracol/coffee-datasets/coffee-datasets/leaf/images/222.jpg,bracol,Brasil,minador,test
C:/Users/napop/leaf-plate-data/bracol/coffee-datasets/coffee-datasets/leaf/images/680.jpg,bracol,Brasil,minador,test
C:/Users/napop/leaf-plate-data/bracol/coffee-datasets/coffee-datasets/leaf/images/686.jpg,bracol,Brasil,minador,test
C:/Users/napop/leaf-plate-data/bracol/coffee-datasets/coffee-datasets/leaf/images/54.jpg,bracol,Brasil,minador,test
C:/Users/napop/leaf-plate-data/bracol/coffee-datasets/coffee-datasets/leaf/images/1189.jpg,bracol,Brasil,minador,test
C:/Users/napop/leaf-plate-data/bracol/coffee-datasets/coffee-datasets/leaf/images/43.jpg,bracol,Brasil,minador,test
C:/Users/napop/leaf-plate-data/bracol/coffee-datasets/coffee-datasets/leaf/images/1057.jpg,bracol,Brasil,minador,test
C:/Users/napop/leaf-plate-data/bracol/coffee-datasets/coffee-datasets/leaf/images/58.jpg,bracol,Brasil,minador,test
C:/Users/napop/leaf-plate-data/bracol/coffee-datasets/coffee-datasets/leaf/images/1123.jpg,bracol,Brasil,minador,test
C:/Users/napop/leaf-plate-data/bracol/coffee-datasets/coffee-datasets/leaf/images/1321.jpg,bracol,Brasil,minador,test
C:/Users/napop/leaf-plate-data/bracol/coffee-datasets/coffee-datasets/leaf/images/524.jpg,bracol,Brasil,phoma,train
C:/Users/napop/leaf-plate-data/bracol/coffee-datasets/coffee-datasets/leaf/images/302.jpg,bracol,Brasil,phoma,train
C:/Users/napop/leaf-plate-data/bracol/coffee-datasets/coffee-datasets/leaf/images/434.jpg,bracol,Brasil,phoma,train
C:/Users/napop/leaf-plate-data/bracol/coffee-datasets/coffee-datasets/leaf/images/557.jpg,bracol,Brasil,phoma,train
C:/Users/napop/leaf-plate-data/bracol/coffee-datasets/coffee-datasets/leaf/images/502.jpg,bracol,Brasil,phoma,train
C:/Users/napop/leaf-plate-data/bracol/coffee-datasets/coffee-datasets/leaf/images/471.jpg,bracol,Brasil,phoma,train
C:/Users/napop/leaf-plate-data/bracol/coffee-datasets/coffee-datasets/leaf/images/323.jpg,bracol,Brasil,phoma,train
C:/Users/napop/leaf-plate-data/bracol/coffee-datasets/coffee-datasets/leaf/images/250.jpg,bracol,Brasil,phoma,train
C:/Users/napop/leaf-plate-data/bracol/coffee-datasets/coffee-datasets/leaf/images/285.jpg,bracol,Brasil,phoma,train
C:/Users/napop/leaf-plate-data/bracol/coffee-datasets/coffee-datasets/leaf/images/315.jpg,bracol,Brasil,phoma,train
C:/Users/napop/leaf-plate-data/bracol/coffee-datasets/coffee-datasets/leaf/images/269.jpg,bracol,Brasil,phoma,train
C:/Users/napop/leaf-plate-data/bracol/coffee-datasets/coffee-datasets/leaf/images/232.jpg,bracol,Brasil,phoma,train
C:/Users/napop/leaf-plate-data/bracol/coffee-datasets/coffee-datasets/leaf/images/379.jpg,bracol,Brasil,phoma,train
C:/Users/napop/leaf-plate-data/bracol/coffee-datasets/coffee-datasets/leaf/images/251.jpg,bracol,Brasil,phoma,train
C:/Users/napop/leaf-plate-data/bracol/coffee-datasets/coffee-datasets/leaf/images/350.jpg,bracol,Brasil,phoma,train
C:/Users/napop/leaf-plate-data/bracol/coffee-datasets/coffee-datasets/leaf/images/417.jpg,bracol,Brasil,phoma,train
C:/Users/napop/leaf-plate-data/bracol/coffee-datasets/coffee-datasets/leaf/images/381.jpg,bracol,Brasil,phoma,train
C:/Users/napop/leaf-plate-data/bracol/coffee-datasets/coffee-datasets/leaf/images/666.jpg,bracol,Brasil,phoma,train
C:/Users/napop/leaf-plate-data/bracol/coffee-datasets/coffee-datasets/leaf/images/647.jpg,bracol,Brasil,phoma,train
C:/Users/napop/leaf-plate-data/bracol/coffee-datasets/coffee-datasets/leaf/images/461.jpg,bracol,Brasil,phoma,train
C:/Users/napop/leaf-plate-data/bracol/coffee-datasets/coffee-datasets/leaf/images/516.jpg,bracol,Brasil,phoma,train
C:/Users/napop/leaf-plate-data/bracol/coffee-datasets/coffee-datasets/leaf/images/355.jpg,bracol,Brasil,phoma,train
C:/Users/napop/leaf-plate-data/bracol/coffee-datasets/coffee-datasets/leaf/images/440.jpg,bracol,Brasil,phoma,train
C:/Users/napop/leaf-plate-data/bracol/coffee-datasets/coffee-datasets/leaf/images/400.jpg,bracol,Brasil,phoma,train
C:/Users/napop/leaf-plate-data/bracol/coffee-datasets/coffee-datasets/leaf/images/617.jpg,bracol,Brasil,phoma,train
C:/Users/napop/leaf-plate-data/bracol/coffee-datasets/coffee-datasets/leaf/images/550.jpg,bracol,Brasil,phoma,train
C:/Users/napop/leaf-plate-data/bracol/coffee-datasets/coffee-datasets/leaf/images/324.jpg,bracol,Brasil,phoma,train
C:/Users/napop/leaf-plate-data/bracol/coffee-datasets/coffee-datasets/leaf/images/661.jpg,bracol,Brasil,phoma,train
C:/Users/napop/leaf-plate-data/bracol/coffee-datasets/coffee-datasets/leaf/images/477.jpg,bracol,Brasil,phoma,train
C:/Users/napop/leaf-plate-data/bracol/coffee-datasets/coffee-datasets/leaf/images/358.jpg,bracol,Brasil,phoma,train
C:/Users/napop/leaf-plate-data/bracol/coffee-datasets/coffee-datasets/leaf/images/499.jpg,bracol,Brasil,phoma,train
C:/Users/napop/leaf-plate-data/bracol/coffee-datasets/coffee-datasets/leaf/images/320.jpg,bracol,Brasil,phoma,train
C:/Users/napop/leaf-plate-data/bracol/coffee-datasets/coffee-datasets/leaf/images/361.jpg,bracol,Brasil,phoma,train
C:/Users/napop/leaf-plate-data/bracol/coffee-datasets/coffee-datasets/leaf/images/538.jpg,bracol,Brasil,phoma,train
C:/Users/napop/leaf-plate-data/bracol/coffee-datasets/coffee-datasets/leaf/images/264.jpg,bracol,Brasil,phoma,train
C:/Users/napop/leaf-plate-data/bracol/coffee-datasets/coffee-datasets/leaf/images/450.jpg,bracol,Brasil,phoma,train
C:/Users/napop/leaf-plate-data/bracol/coffee-datasets/coffee-datasets/leaf/images/542.jpg,bracol,Brasil,phoma,train
C:/Users/napop/leaf-plate-data/bracol/coffee-datasets/coffee-datasets/leaf/images/319.jpg,bracol,Brasil,phoma,train
C:/Users/napop/leaf-plate-data/bracol/coffee-datasets/coffee-datasets/leaf/images/553.jpg,bracol,Brasil,phoma,train
C:/Users/napop/leaf-plate-data/bracol/coffee-datasets/coffee-datasets/leaf/images/559.jpg,bracol,Brasil,phoma,train
C:/Users/napop/leaf-plate-data/bracol/coffee-datasets/coffee-datasets/leaf/images/249.jpg,bracol,Brasil,phoma,train
C:/Users/napop/leaf-plate-data/bracol/coffee-datasets/coffee-datasets/leaf/images/433.jpg,bracol,Brasil,phoma,train
C:/Users/napop/leaf-plate-data/bracol/coffee-datasets/coffee-datasets/leaf/images/306.jpg,bracol,Brasil,phoma,train
C:/Users/napop/leaf-plate-data/bracol/coffee-datasets/coffee-datasets/leaf/images/655.jpg,bracol,Brasil,phoma,train
C:/Users/napop/leaf-plate-data/bracol/coffee-datasets/coffee-datasets/leaf/images/390.jpg,bracol,Brasil,phoma,train
C:/Users/napop/leaf-plate-data/bracol/coffee-datasets/coffee-datasets/leaf/images/347.jpg,bracol,Brasil,phoma,train
C:/Users/napop/leaf-plate-data/bracol/coffee-datasets/coffee-datasets/leaf/images/330.jpg,bracol,Brasil,phoma,train
C:/Users/napop/leaf-plate-data/bracol/coffee-datasets/coffee-datasets/leaf/images/240.jpg,bracol,Brasil,phoma,train
C:/Users/napop/leaf-plate-data/bracol/coffee-datasets/coffee-datasets/leaf/images/345.jpg,bracol,Brasil,phoma,train
C:/Users/napop/leaf-plate-data/bracol/coffee-datasets/coffee-datasets/leaf/images/314.jpg,bracol,Brasil,phoma,train
C:/Users/napop/leaf-plate-data/bracol/coffee-datasets/coffee-datasets/leaf/images/241.jpg,bracol,Brasil,phoma,train
C:/Users/napop/leaf-plate-data/bracol/coffee-datasets/coffee-datasets/leaf/images/255.jpg,bracol,Brasil,phoma,train
C:/Users/napop/leaf-plate-data/bracol/coffee-datasets/coffee-datasets/leaf/images/646.jpg,bracol,Brasil,phoma,train
C:/Users/napop/leaf-plate-data/bracol/coffee-datasets/coffee-datasets/leaf/images/463.jpg,bracol,Brasil,phoma,train
C:/Users/napop/leaf-plate-data/bracol/coffee-datasets/coffee-datasets/leaf/images/426.jpg,bracol,Brasil,phoma,train
C:/Users/napop/leaf-plate-data/bracol/coffee-datasets/coffee-datasets/leaf/images/475.jpg,bracol,Brasil,phoma,train
C:/Users/napop/leaf-plate-data/bracol/coffee-datasets/coffee-datasets/leaf/images/267.jpg,bracol,Brasil,phoma,train
C:/Users/napop/leaf-plate-data/bracol/coffee-datasets/coffee-datasets/leaf/images/408.jpg,bracol,Brasil,phoma,train
C:/Users/napop/leaf-plate-data/bracol/coffee-datasets/coffee-datasets/leaf/images/259.jpg,bracol,Brasil,phoma,train
C:/Users/napop/leaf-plate-data/bracol/coffee-datasets/coffee-datasets/leaf/images/544.jpg,bracol,Brasil,phoma,train
C:/Users/napop/leaf-plate-data/bracol/coffee-datasets/coffee-datasets/leaf/images/507.jpg,bracol,Brasil,phoma,train
C:/Users/napop/leaf-plate-data/bracol/coffee-datasets/coffee-datasets/leaf/images/284.jpg,bracol,Brasil,phoma,train
C:/Users/napop/leaf-plate-data/bracol/coffee-datasets/coffee-datasets/leaf/images/645.jpg,bracol,Brasil,phoma,train
C:/Users/napop/leaf-plate-data/bracol/coffee-datasets/coffee-datasets/leaf/images/369.jpg,bracol,Brasil,phoma,train
C:/Users/napop/leaf-plate-data/bracol/coffee-datasets/coffee-datasets/leaf/images/405.jpg,bracol,Brasil,phoma,train
C:/Users/napop/leaf-plate-data/bracol/coffee-datasets/coffee-datasets/leaf/images/411.jpg,bracol,Brasil,phoma,train
C:/Users/napop/leaf-plate-data/bracol/coffee-datasets/coffee-datasets/leaf/images/435.jpg,bracol,Brasil,phoma,train
C:/Users/napop/leaf-plate-data/bracol/coffee-datasets/coffee-datasets/leaf/images/370.jpg,bracol,Brasil,phoma,train
C:/Users/napop/leaf-plate-data/bracol/coffee-datasets/coffee-datasets/leaf/images/467.jpg,bracol,Brasil,phoma,train
C:/Users/napop/leaf-plate-data/bracol/coffee-datasets/coffee-datasets/leaf/images/511.jpg,bracol,Brasil,phoma,train
C:/Users/napop/leaf-plate-data/bracol/coffee-datasets/coffee-datasets/leaf/images/536.jpg,bracol,Brasil,phoma,train
C:/Users/napop/leaf-plate-data/bracol/coffee-datasets/coffee-datasets/leaf/images/20.jpg,bracol,Brasil,phoma,train
C:/Users/napop/leaf-plate-data/bracol/coffee-datasets/coffee-datasets/leaf/images/456.jpg,bracol,Brasil,phoma,train
C:/Users/napop/leaf-plate-data/bracol/coffee-datasets/coffee-datasets/leaf/images/506.jpg,bracol,Brasil,phoma,train
C:/Users/napop/leaf-plate-data/bracol/coffee-datasets/coffee-datasets/leaf/images/422.jpg,bracol,Brasil,phoma,train
C:/Users/napop/leaf-plate-data/bracol/coffee-datasets/coffee-datasets/leaf/images/595.jpg,bracol,Brasil,phoma,train
C:/Users/napop/leaf-plate-data/bracol/coffee-datasets/coffee-datasets/leaf/images/372.jpg,bracol,Brasil,phoma,train
C:/Users/napop/leaf-plate-data/bracol/coffee-datasets/coffee-datasets/leaf/images/404.jpg,bracol,Brasil,phoma,train
C:/Users/napop/leaf-plate-data/bracol/coffee-datasets/coffee-datasets/leaf/images/374.jpg,bracol,Brasil,phoma,train
C:/Users/napop/leaf-plate-data/bracol/coffee-datasets/coffee-datasets/leaf/images/396.jpg,bracol,Brasil,phoma,train
C:/Users/napop/leaf-plate-data/bracol/coffee-datasets/coffee-datasets/leaf/images/377.jpg,bracol,Brasil,phoma,train
C:/Users/napop/leaf-plate-data/bracol/coffee-datasets/coffee-datasets/leaf/images/340.jpg,bracol,Brasil,phoma,train
C:/Users/napop/leaf-plate-data/bracol/coffee-datasets/coffee-datasets/leaf/images/338.jpg,bracol,Brasil,phoma,train
C:/Users/napop/leaf-plate-data/bracol/coffee-datasets/coffee-datasets/leaf/images/344.jpg,bracol,Brasil,phoma,train
C:/Users/napop/leaf-plate-data/bracol/coffee-datasets/coffee-datasets/leaf/images/556.jpg,bracol,Brasil,phoma,train
C:/Users/napop/leaf-plate-data/bracol/coffee-datasets/coffee-datasets/leaf/images/399.jpg,bracol,Brasil,phoma,train
C:/Users/napop/leaf-plate-data/bracol/coffee-datasets/coffee-datasets/leaf/images/540.jpg,bracol,Brasil,phoma,train
C:/Users/napop/leaf-plate-data/bracol/coffee-datasets/coffee-datasets/leaf/images/470.jpg,bracol,Brasil,phoma,train
C:/Users/napop/leaf-plate-data/bracol/coffee-datasets/coffee-datasets/leaf/images/429.jpg,bracol,Brasil,phoma,train
C:/Users/napop/leaf-plate-data/bracol/coffee-datasets/coffee-datasets/leaf/images/279.jpg,bracol,Brasil,phoma,train
C:/Users/napop/leaf-plate-data/bracol/coffee-datasets/coffee-datasets/leaf/images/465.jpg,bracol,Brasil,phoma,train
C:/Users/napop/leaf-plate-data/bracol/coffee-datasets/coffee-datasets/leaf/images/413.jpg,bracol,Brasil,phoma,train
C:/Users/napop/leaf-plate-data/bracol/coffee-datasets/coffee-datasets/leaf/images/332.jpg,bracol,Brasil,phoma,train
C:/Users/napop/leaf-plate-data/bracol/coffee-datasets/coffee-datasets/leaf/images/495.jpg,bracol,Brasil,phoma,train
C:/Users/napop/leaf-plate-data/bracol/coffee-datasets/coffee-datasets/leaf/images/349.jpg,bracol,Brasil,phoma,train
C:/Users/napop/leaf-plate-data/bracol/coffee-datasets/coffee-datasets/leaf/images/371.jpg,bracol,Brasil,phoma,train
C:/Users/napop/leaf-plate-data/bracol/coffee-datasets/coffee-datasets/leaf/images/368.jpg,bracol,Brasil,phoma,train
C:/Users/napop/leaf-plate-data/bracol/coffee-datasets/coffee-datasets/leaf/images/326.jpg,bracol,Brasil,phoma,train
C:/Users/napop/leaf-plate-data/bracol/coffee-datasets/coffee-datasets/leaf/images/261.jpg,bracol,Brasil,phoma,train
C:/Users/napop/leaf-plate-data/bracol/coffee-datasets/coffee-datasets/leaf/images/336.jpg,bracol,Brasil,phoma,train
C:/Users/napop/leaf-plate-data/bracol/coffee-datasets/coffee-datasets/leaf/images/512.jpg,bracol,Brasil,phoma,train
C:/Users/napop/leaf-plate-data/bracol/coffee-datasets/coffee-datasets/leaf/images/498.jpg,bracol,Brasil,phoma,train
C:/Users/napop/leaf-plate-data/bracol/coffee-datasets/coffee-datasets/leaf/images/415.jpg,bracol,Brasil,phoma,train
C:/Users/napop/leaf-plate-data/bracol/coffee-datasets/coffee-datasets/leaf/images/362.jpg,bracol,Brasil,phoma,train
C:/Users/napop/leaf-plate-data/bracol/coffee-datasets/coffee-datasets/leaf/images/274.jpg,bracol,Brasil,phoma,train
C:/Users/napop/leaf-plate-data/bracol/coffee-datasets/coffee-datasets/leaf/images/508.jpg,bracol,Brasil,phoma,train
C:/Users/napop/leaf-plate-data/bracol/coffee-datasets/coffee-datasets/leaf/images/410.jpg,bracol,Brasil,phoma,train
C:/Users/napop/leaf-plate-data/bracol/coffee-datasets/coffee-datasets/leaf/images/423.jpg,bracol,Brasil,phoma,train
C:/Users/napop/leaf-plate-data/bracol/coffee-datasets/coffee-datasets/leaf/images/373.jpg,bracol,Brasil,phoma,train
C:/Users/napop/leaf-plate-data/bracol/coffee-datasets/coffee-datasets/leaf/images/244.jpg,bracol,Brasil,phoma,train
C:/Users/napop/leaf-plate-data/bracol/coffee-datasets/coffee-datasets/leaf/images/321.jpg,bracol,Brasil,phoma,train
C:/Users/napop/leaf-plate-data/bracol/coffee-datasets/coffee-datasets/leaf/images/334.jpg,bracol,Brasil,phoma,train
C:/Users/napop/leaf-plate-data/bracol/coffee-datasets/coffee-datasets/leaf/images/352.jpg,bracol,Brasil,phoma,train
C:/Users/napop/leaf-plate-data/bracol/coffee-datasets/coffee-datasets/leaf/images/564.jpg,bracol,Brasil,phoma,train
C:/Users/napop/leaf-plate-data/bracol/coffee-datasets/coffee-datasets/leaf/images/235.jpg,bracol,Brasil,phoma,train
C:/Users/napop/leaf-plate-data/bracol/coffee-datasets/coffee-datasets/leaf/images/486.jpg,bracol,Brasil,phoma,train
C:/Users/napop/leaf-plate-data/bracol/coffee-datasets/coffee-datasets/leaf/images/305.jpg,bracol,Brasil,phoma,train
C:/Users/napop/leaf-plate-data/bracol/coffee-datasets/coffee-datasets/leaf/images/343.jpg,bracol,Brasil,phoma,train
C:/Users/napop/leaf-plate-data/bracol/coffee-datasets/coffee-datasets/leaf/images/263.jpg,bracol,Brasil,phoma,train
C:/Users/napop/leaf-plate-data/bracol/coffee-datasets/coffee-datasets/leaf/images/464.jpg,bracol,Brasil,phoma,train
C:/Users/napop/leaf-plate-data/bracol/coffee-datasets/coffee-datasets/leaf/images/403.jpg,bracol,Brasil,phoma,train
C:/Users/napop/leaf-plate-data/bracol/coffee-datasets/coffee-datasets/leaf/images/1736.jpg,bracol,Brasil,phoma,train
C:/Users/napop/leaf-plate-data/bracol/coffee-datasets/coffee-datasets/leaf/images/383.jpg,bracol,Brasil,phoma,train
C:/Users/napop/leaf-plate-data/bracol/coffee-datasets/coffee-datasets/leaf/images/510.jpg,bracol,Brasil,phoma,train
C:/Users/napop/leaf-plate-data/bracol/coffee-datasets/coffee-datasets/leaf/images/395.jpg,bracol,Brasil,phoma,train
C:/Users/napop/leaf-plate-data/bracol/coffee-datasets/coffee-datasets/leaf/images/382.jpg,bracol,Brasil,phoma,train
C:/Users/napop/leaf-plate-data/bracol/coffee-datasets/coffee-datasets/leaf/images/329.jpg,bracol,Brasil,phoma,train
C:/Users/napop/leaf-plate-data/bracol/coffee-datasets/coffee-datasets/leaf/images/375.jpg,bracol,Brasil,phoma,train
C:/Users/napop/leaf-plate-data/bracol/coffee-datasets/coffee-datasets/leaf/images/248.jpg,bracol,Brasil,phoma,train
C:/Users/napop/leaf-plate-data/bracol/coffee-datasets/coffee-datasets/leaf/images/1149.jpg,bracol,Brasil,phoma,train
C:/Users/napop/leaf-plate-data/bracol/coffee-datasets/coffee-datasets/leaf/images/402.jpg,bracol,Brasil,phoma,train
C:/Users/napop/leaf-plate-data/bracol/coffee-datasets/coffee-datasets/leaf/images/288.jpg,bracol,Brasil,phoma,train
C:/Users/napop/leaf-plate-data/bracol/coffee-datasets/coffee-datasets/leaf/images/541.jpg,bracol,Brasil,phoma,train
C:/Users/napop/leaf-plate-data/bracol/coffee-datasets/coffee-datasets/leaf/images/436.jpg,bracol,Brasil,phoma,train
C:/Users/napop/leaf-plate-data/bracol/coffee-datasets/coffee-datasets/leaf/images/296.jpg,bracol,Brasil,phoma,train
C:/Users/napop/leaf-plate-data/bracol/coffee-datasets/coffee-datasets/leaf/images/420.jpg,bracol,Brasil,phoma,train
C:/Users/napop/leaf-plate-data/bracol/coffee-datasets/coffee-datasets/leaf/images/389.jpg,bracol,Brasil,phoma,train
C:/Users/napop/leaf-plate-data/bracol/coffee-datasets/coffee-datasets/leaf/images/523.jpg,bracol,Brasil,phoma,train
C:/Users/napop/leaf-plate-data/bracol/coffee-datasets/coffee-datasets/leaf/images/310.jpg,bracol,Brasil,phoma,train
C:/Users/napop/leaf-plate-data/bracol/coffee-datasets/coffee-datasets/leaf/images/509.jpg,bracol,Brasil,phoma,train
C:/Users/napop/leaf-plate-data/bracol/coffee-datasets/coffee-datasets/leaf/images/449.jpg,bracol,Brasil,phoma,train
C:/Users/napop/leaf-plate-data/bracol/coffee-datasets/coffee-datasets/leaf/images/316.jpg,bracol,Brasil,phoma,train
C:/Users/napop/leaf-plate-data/bracol/coffee-datasets/coffee-datasets/leaf/images/455.jpg,bracol,Brasil,phoma,train
C:/Users/napop/leaf-plate-data/bracol/coffee-datasets/coffee-datasets/leaf/images/472.jpg,bracol,Brasil,phoma,train
C:/Users/napop/leaf-plate-data/bracol/coffee-datasets/coffee-datasets/leaf/images/233.jpg,bracol,Brasil,phoma,train
C:/Users/napop/leaf-plate-data/bracol/coffee-datasets/coffee-datasets/leaf/images/651.jpg,bracol,Brasil,phoma,train
C:/Users/napop/leaf-plate-data/bracol/coffee-datasets/coffee-datasets/leaf/images/533.jpg,bracol,Brasil,phoma,train
C:/Users/napop/leaf-plate-data/bracol/coffee-datasets/coffee-datasets/leaf/images/365.jpg,bracol,Brasil,phoma,train
C:/Users/napop/leaf-plate-data/bracol/coffee-datasets/coffee-datasets/leaf/images/309.jpg,bracol,Brasil,phoma,train
C:/Users/napop/leaf-plate-data/bracol/coffee-datasets/coffee-datasets/leaf/images/485.jpg,bracol,Brasil,phoma,train
C:/Users/napop/leaf-plate-data/bracol/coffee-datasets/coffee-datasets/leaf/images/451.jpg,bracol,Brasil,phoma,train
C:/Users/napop/leaf-plate-data/bracol/coffee-datasets/coffee-datasets/leaf/images/1148.jpg,bracol,Brasil,phoma,train
C:/Users/napop/leaf-plate-data/bracol/coffee-datasets/coffee-datasets/leaf/images/418.jpg,bracol,Brasil,phoma,train
C:/Users/napop/leaf-plate-data/bracol/coffee-datasets/coffee-datasets/leaf/images/460.jpg,bracol,Brasil,phoma,train
C:/Users/napop/leaf-plate-data/bracol/coffee-datasets/coffee-datasets/leaf/images/265.jpg,bracol,Brasil,phoma,train
C:/Users/napop/leaf-plate-data/bracol/coffee-datasets/coffee-datasets/leaf/images/521.jpg,bracol,Brasil,phoma,train
C:/Users/napop/leaf-plate-data/bracol/coffee-datasets/coffee-datasets/leaf/images/505.jpg,bracol,Brasil,phoma,train
C:/Users/napop/leaf-plate-data/bracol/coffee-datasets/coffee-datasets/leaf/images/483.jpg,bracol,Brasil,phoma,train
C:/Users/napop/leaf-plate-data/bracol/coffee-datasets/coffee-datasets/leaf/images/300.jpg,bracol,Brasil,phoma,train
C:/Users/napop/leaf-plate-data/bracol/coffee-datasets/coffee-datasets/leaf/images/528.jpg,bracol,Brasil,phoma,train
C:/Users/napop/leaf-plate-data/bracol/coffee-datasets/coffee-datasets/leaf/images/378.jpg,bracol,Brasil,phoma,train
C:/Users/napop/leaf-plate-data/bracol/coffee-datasets/coffee-datasets/leaf/images/297.jpg,bracol,Brasil,phoma,train
C:/Users/napop/leaf-plate-data/bracol/coffee-datasets/coffee-datasets/leaf/images/409.jpg,bracol,Brasil,phoma,train
C:/Users/napop/leaf-plate-data/bracol/coffee-datasets/coffee-datasets/leaf/images/322.jpg,bracol,Brasil,phoma,train
C:/Users/napop/leaf-plate-data/bracol/coffee-datasets/coffee-datasets/leaf/images/474.jpg,bracol,Brasil,phoma,train
C:/Users/napop/leaf-plate-data/bracol/coffee-datasets/coffee-datasets/leaf/images/677.jpg,bracol,Brasil,phoma,train
C:/Users/napop/leaf-plate-data/bracol/coffee-datasets/coffee-datasets/leaf/images/452.jpg,bracol,Brasil,phoma,train
C:/Users/napop/leaf-plate-data/bracol/coffee-datasets/coffee-datasets/leaf/images/414.jpg,bracol,Brasil,phoma,train
C:/Users/napop/leaf-plate-data/bracol/coffee-datasets/coffee-datasets/leaf/images/290.jpg,bracol,Brasil,phoma,train
C:/Users/napop/leaf-plate-data/bracol/coffee-datasets/coffee-datasets/leaf/images/444.jpg,bracol,Brasil,phoma,train
C:/Users/napop/leaf-plate-data/bracol/coffee-datasets/coffee-datasets/leaf/images/490.jpg,bracol,Brasil,phoma,train
C:/Users/napop/leaf-plate-data/bracol/coffee-datasets/coffee-datasets/leaf/images/427.jpg,bracol,Brasil,phoma,train
C:/Users/napop/leaf-plate-data/bracol/coffee-datasets/coffee-datasets/leaf/images/458.jpg,bracol,Brasil,phoma,train
C:/Users/napop/leaf-plate-data/bracol/coffee-datasets/coffee-datasets/leaf/images/238.jpg,bracol,Brasil,phoma,train
C:/Users/napop/leaf-plate-data/bracol/coffee-datasets/coffee-datasets/leaf/images/531.jpg,bracol,Brasil,phoma,train
C:/Users/napop/leaf-plate-data/bracol/coffee-datasets/coffee-datasets/leaf/images/592.jpg,bracol,Brasil,phoma,train
C:/Users/napop/leaf-plate-data/bracol/coffee-datasets/coffee-datasets/leaf/images/260.jpg,bracol,Brasil,phoma,train
C:/Users/napop/leaf-plate-data/bracol/coffee-datasets/coffee-datasets/leaf/images/537.jpg,bracol,Brasil,phoma,train
C:/Users/napop/leaf-plate-data/bracol/coffee-datasets/coffee-datasets/leaf/images/275.jpg,bracol,Brasil,phoma,train
C:/Users/napop/leaf-plate-data/bracol/coffee-datasets/coffee-datasets/leaf/images/312.jpg,bracol,Brasil,phoma,train
C:/Users/napop/leaf-plate-data/bracol/coffee-datasets/coffee-datasets/leaf/images/283.jpg,bracol,Brasil,phoma,train
C:/Users/napop/leaf-plate-data/bracol/coffee-datasets/coffee-datasets/leaf/images/280.jpg,bracol,Brasil,phoma,train
C:/Users/napop/leaf-plate-data/bracol/coffee-datasets/coffee-datasets/leaf/images/401.jpg,bracol,Brasil,phoma,train
C:/Users/napop/leaf-plate-data/bracol/coffee-datasets/coffee-datasets/leaf/images/484.jpg,bracol,Brasil,phoma,train
C:/Users/napop/leaf-plate-data/bracol/coffee-datasets/coffee-datasets/leaf/images/424.jpg,bracol,Brasil,phoma,train
C:/Users/napop/leaf-plate-data/bracol/coffee-datasets/coffee-datasets/leaf/images/526.jpg,bracol,Brasil,phoma,train
C:/Users/napop/leaf-plate-data/bracol/coffee-datasets/coffee-datasets/leaf/images/500.jpg,bracol,Brasil,phoma,train
C:/Users/napop/leaf-plate-data/bracol/coffee-datasets/coffee-datasets/leaf/images/628.jpg,bracol,Brasil,phoma,train
C:/Users/napop/leaf-plate-data/bracol/coffee-datasets/coffee-datasets/leaf/images/416.jpg,bracol,Brasil,phoma,train
C:/Users/napop/leaf-plate-data/bracol/coffee-datasets/coffee-datasets/leaf/images/335.jpg,bracol,Brasil,phoma,train
C:/Users/napop/leaf-plate-data/bracol/coffee-datasets/coffee-datasets/leaf/images/669.jpg,bracol,Brasil,phoma,train
C:/Users/napop/leaf-plate-data/bracol/coffee-datasets/coffee-datasets/leaf/images/393.jpg,bracol,Brasil,phoma,train
C:/Users/napop/leaf-plate-data/bracol/coffee-datasets/coffee-datasets/leaf/images/252.jpg,bracol,Brasil,phoma,train
C:/Users/napop/leaf-plate-data/bracol/coffee-datasets/coffee-datasets/leaf/images/437.jpg,bracol,Brasil,phoma,train
C:/Users/napop/leaf-plate-data/bracol/coffee-datasets/coffee-datasets/leaf/images/547.jpg,bracol,Brasil,phoma,train
C:/Users/napop/leaf-plate-data/bracol/coffee-datasets/coffee-datasets/leaf/images/346.jpg,bracol,Brasil,phoma,train
C:/Users/napop/leaf-plate-data/bracol/coffee-datasets/coffee-datasets/leaf/images/356.jpg,bracol,Brasil,phoma,train
C:/Users/napop/leaf-plate-data/bracol/coffee-datasets/coffee-datasets/leaf/images/539.jpg,bracol,Brasil,phoma,train
C:/Users/napop/leaf-plate-data/bracol/coffee-datasets/coffee-datasets/leaf/images/515.jpg,bracol,Brasil,phoma,train
C:/Users/napop/leaf-plate-data/bracol/coffee-datasets/coffee-datasets/leaf/images/543.jpg,bracol,Brasil,phoma,train
C:/Users/napop/leaf-plate-data/bracol/coffee-datasets/coffee-datasets/leaf/images/520.jpg,bracol,Brasil,phoma,train
C:/Users/napop/leaf-plate-data/bracol/coffee-datasets/coffee-datasets/leaf/images/530.jpg,bracol,Brasil,phoma,train
C:/Users/napop/leaf-plate-data/bracol/coffee-datasets/coffee-datasets/leaf/images/1185.jpg,bracol,Brasil,phoma,train
C:/Users/napop/leaf-plate-data/bracol/coffee-datasets/coffee-datasets/leaf/images/513.jpg,bracol,Brasil,phoma,train
C:/Users/napop/leaf-plate-data/bracol/coffee-datasets/coffee-datasets/leaf/images/289.jpg,bracol,Brasil,phoma,train
C:/Users/napop/leaf-plate-data/bracol/coffee-datasets/coffee-datasets/leaf/images/479.jpg,bracol,Brasil,phoma,train
C:/Users/napop/leaf-plate-data/bracol/coffee-datasets/coffee-datasets/leaf/images/476.jpg,bracol,Brasil,phoma,train
C:/Users/napop/leaf-plate-data/bracol/coffee-datasets/coffee-datasets/leaf/images/313.jpg,bracol,Brasil,phoma,train
C:/Users/napop/leaf-plate-data/bracol/coffee-datasets/coffee-datasets/leaf/images/294.jpg,bracol,Brasil,phoma,train
C:/Users/napop/leaf-plate-data/bracol/coffee-datasets/coffee-datasets/leaf/images/640.jpg,bracol,Brasil,phoma,train
C:/Users/napop/leaf-plate-data/bracol/coffee-datasets/coffee-datasets/leaf/images/397.jpg,bracol,Brasil,phoma,train
C:/Users/napop/leaf-plate-data/bracol/coffee-datasets/coffee-datasets/leaf/images/353.jpg,bracol,Brasil,phoma,train
C:/Users/napop/leaf-plate-data/bracol/coffee-datasets/coffee-datasets/leaf/images/534.jpg,bracol,Brasil,phoma,train
C:/Users/napop/leaf-plate-data/bracol/coffee-datasets/coffee-datasets/leaf/images/299.jpg,bracol,Brasil,phoma,train
C:/Users/napop/leaf-plate-data/bracol/coffee-datasets/coffee-datasets/leaf/images/277.jpg,bracol,Brasil,phoma,train
C:/Users/napop/leaf-plate-data/bracol/coffee-datasets/coffee-datasets/leaf/images/419.jpg,bracol,Brasil,phoma,train
C:/Users/napop/leaf-plate-data/bracol/coffee-datasets/coffee-datasets/leaf/images/501.jpg,bracol,Brasil,phoma,train
C:/Users/napop/leaf-plate-data/bracol/coffee-datasets/coffee-datasets/leaf/images/303.jpg,bracol,Brasil,phoma,train
C:/Users/napop/leaf-plate-data/bracol/coffee-datasets/coffee-datasets/leaf/images/385.jpg,bracol,Brasil,phoma,train
C:/Users/napop/leaf-plate-data/bracol/coffee-datasets/coffee-datasets/leaf/images/658.jpg,bracol,Brasil,phoma,train
C:/Users/napop/leaf-plate-data/bracol/coffee-datasets/coffee-datasets/leaf/images/276.jpg,bracol,Brasil,phoma,train
C:/Users/napop/leaf-plate-data/bracol/coffee-datasets/coffee-datasets/leaf/images/271.jpg,bracol,Brasil,phoma,train
C:/Users/napop/leaf-plate-data/bracol/coffee-datasets/coffee-datasets/leaf/images/237.jpg,bracol,Brasil,phoma,train
C:/Users/napop/leaf-plate-data/bracol/coffee-datasets/coffee-datasets/leaf/images/480.jpg,bracol,Brasil,phoma,train
C:/Users/napop/leaf-plate-data/bracol/coffee-datasets/coffee-datasets/leaf/images/266.jpg,bracol,Brasil,phoma,train
C:/Users/napop/leaf-plate-data/bracol/coffee-datasets/coffee-datasets/leaf/images/253.jpg,bracol,Brasil,phoma,train
C:/Users/napop/leaf-plate-data/bracol/coffee-datasets/coffee-datasets/leaf/images/286.jpg,bracol,Brasil,phoma,train
C:/Users/napop/leaf-plate-data/bracol/coffee-datasets/coffee-datasets/leaf/images/406.jpg,bracol,Brasil,phoma,train
C:/Users/napop/leaf-plate-data/bracol/coffee-datasets/coffee-datasets/leaf/images/359.jpg,bracol,Brasil,phoma,train
C:/Users/napop/leaf-plate-data/bracol/coffee-datasets/coffee-datasets/leaf/images/236.jpg,bracol,Brasil,phoma,train
C:/Users/napop/leaf-plate-data/bracol/coffee-datasets/coffee-datasets/leaf/images/258.jpg,bracol,Brasil,phoma,train
C:/Users/napop/leaf-plate-data/bracol/coffee-datasets/coffee-datasets/leaf/images/384.jpg,bracol,Brasil,phoma,train
C:/Users/napop/leaf-plate-data/bracol/coffee-datasets/coffee-datasets/leaf/images/481.jpg,bracol,Brasil,phoma,train
C:/Users/napop/leaf-plate-data/bracol/coffee-datasets/coffee-datasets/leaf/images/331.jpg,bracol,Brasil,phoma,train
C:/Users/napop/leaf-plate-data/bracol/coffee-datasets/coffee-datasets/leaf/images/654.jpg,bracol,Brasil,phoma,train
C:/Users/napop/leaf-plate-data/bracol/coffee-datasets/coffee-datasets/leaf/images/311.jpg,bracol,Brasil,phoma,train
C:/Users/napop/leaf-plate-data/bracol/coffee-datasets/coffee-datasets/leaf/images/1179.jpg,bracol,Brasil,phoma,train
C:/Users/napop/leaf-plate-data/bracol/coffee-datasets/coffee-datasets/leaf/images/341.jpg,bracol,Brasil,phoma,train
C:/Users/napop/leaf-plate-data/bracol/coffee-datasets/coffee-datasets/leaf/images/256.jpg,bracol,Brasil,phoma,train
C:/Users/napop/leaf-plate-data/bracol/coffee-datasets/coffee-datasets/leaf/images/532.jpg,bracol,Brasil,phoma,train
C:/Users/napop/leaf-plate-data/bracol/coffee-datasets/coffee-datasets/leaf/images/292.jpg,bracol,Brasil,phoma,train
C:/Users/napop/leaf-plate-data/bracol/coffee-datasets/coffee-datasets/leaf/images/242.jpg,bracol,Brasil,phoma,train
C:/Users/napop/leaf-plate-data/bracol/coffee-datasets/coffee-datasets/leaf/images/281.jpg,bracol,Brasil,phoma,val
C:/Users/napop/leaf-plate-data/bracol/coffee-datasets/coffee-datasets/leaf/images/551.jpg,bracol,Brasil,phoma,val
C:/Users/napop/leaf-plate-data/bracol/coffee-datasets/coffee-datasets/leaf/images/548.jpg,bracol,Brasil,phoma,val
C:/Users/napop/leaf-plate-data/bracol/coffee-datasets/coffee-datasets/leaf/images/246.jpg,bracol,Brasil,phoma,val
C:/Users/napop/leaf-plate-data/bracol/coffee-datasets/coffee-datasets/leaf/images/496.jpg,bracol,Brasil,phoma,val
C:/Users/napop/leaf-plate-data/bracol/coffee-datasets/coffee-datasets/leaf/images/430.jpg,bracol,Brasil,phoma,val
C:/Users/napop/leaf-plate-data/bracol/coffee-datasets/coffee-datasets/leaf/images/247.jpg,bracol,Brasil,phoma,val
C:/Users/napop/leaf-plate-data/bracol/coffee-datasets/coffee-datasets/leaf/images/387.jpg,bracol,Brasil,phoma,val
C:/Users/napop/leaf-plate-data/bracol/coffee-datasets/coffee-datasets/leaf/images/1195.jpg,bracol,Brasil,phoma,val
C:/Users/napop/leaf-plate-data/bracol/coffee-datasets/coffee-datasets/leaf/images/469.jpg,bracol,Brasil,phoma,val
C:/Users/napop/leaf-plate-data/bracol/coffee-datasets/coffee-datasets/leaf/images/293.jpg,bracol,Brasil,phoma,val
C:/Users/napop/leaf-plate-data/bracol/coffee-datasets/coffee-datasets/leaf/images/243.jpg,bracol,Brasil,phoma,val
C:/Users/napop/leaf-plate-data/bracol/coffee-datasets/coffee-datasets/leaf/images/591.jpg,bracol,Brasil,phoma,val
C:/Users/napop/leaf-plate-data/bracol/coffee-datasets/coffee-datasets/leaf/images/443.jpg,bracol,Brasil,phoma,val
C:/Users/napop/leaf-plate-data/bracol/coffee-datasets/coffee-datasets/leaf/images/318.jpg,bracol,Brasil,phoma,val
C:/Users/napop/leaf-plate-data/bracol/coffee-datasets/coffee-datasets/leaf/images/254.jpg,bracol,Brasil,phoma,val
C:/Users/napop/leaf-plate-data/bracol/coffee-datasets/coffee-datasets/leaf/images/367.jpg,bracol,Brasil,phoma,val
C:/Users/napop/leaf-plate-data/bracol/coffee-datasets/coffee-datasets/leaf/images/270.jpg,bracol,Brasil,phoma,val
C:/Users/napop/leaf-plate-data/bracol/coffee-datasets/coffee-datasets/leaf/images/392.jpg,bracol,Brasil,phoma,val
C:/Users/napop/leaf-plate-data/bracol/coffee-datasets/coffee-datasets/leaf/images/482.jpg,bracol,Brasil,phoma,val
C:/Users/napop/leaf-plate-data/bracol/coffee-datasets/coffee-datasets/leaf/images/301.jpg,bracol,Brasil,phoma,val
C:/Users/napop/leaf-plate-data/bracol/coffee-datasets/coffee-datasets/leaf/images/432.jpg,bracol,Brasil,phoma,val
C:/Users/napop/leaf-plate-data/bracol/coffee-datasets/coffee-datasets/leaf/images/610.jpg,bracol,Brasil,phoma,val
C:/Users/napop/leaf-plate-data/bracol/coffee-datasets/coffee-datasets/leaf/images/442.jpg,bracol,Brasil,phoma,val
C:/Users/napop/leaf-plate-data/bracol/coffee-datasets/coffee-datasets/leaf/images/291.jpg,bracol,Brasil,phoma,val
C:/Users/napop/leaf-plate-data/bracol/coffee-datasets/coffee-datasets/leaf/images/363.jpg,bracol,Brasil,phoma,val
C:/Users/napop/leaf-plate-data/bracol/coffee-datasets/coffee-datasets/leaf/images/317.jpg,bracol,Brasil,phoma,val
C:/Users/napop/leaf-plate-data/bracol/coffee-datasets/coffee-datasets/leaf/images/245.jpg,bracol,Brasil,phoma,val
C:/Users/napop/leaf-plate-data/bracol/coffee-datasets/coffee-datasets/leaf/images/364.jpg,bracol,Brasil,phoma,val
C:/Users/napop/leaf-plate-data/bracol/coffee-datasets/coffee-datasets/leaf/images/360.jpg,bracol,Brasil,phoma,val
C:/Users/napop/leaf-plate-data/bracol/coffee-datasets/coffee-datasets/leaf/images/268.jpg,bracol,Brasil,phoma,val
C:/Users/napop/leaf-plate-data/bracol/coffee-datasets/coffee-datasets/leaf/images/278.jpg,bracol,Brasil,phoma,val
C:/Users/napop/leaf-plate-data/bracol/coffee-datasets/coffee-datasets/leaf/images/342.jpg,bracol,Brasil,phoma,val
C:/Users/napop/leaf-plate-data/bracol/coffee-datasets/coffee-datasets/leaf/images/282.jpg,bracol,Brasil,phoma,val
C:/Users/napop/leaf-plate-data/bracol/coffee-datasets/coffee-datasets/leaf/images/673.jpg,bracol,Brasil,phoma,val
C:/Users/napop/leaf-plate-data/bracol/coffee-datasets/coffee-datasets/leaf/images/657.jpg,bracol,Brasil,phoma,val
C:/Users/napop/leaf-plate-data/bracol/coffee-datasets/coffee-datasets/leaf/images/376.jpg,bracol,Brasil,phoma,val
C:/Users/napop/leaf-plate-data/bracol/coffee-datasets/coffee-datasets/leaf/images/493.jpg,bracol,Brasil,phoma,val
C:/Users/napop/leaf-plate-data/bracol/coffee-datasets/coffee-datasets/leaf/images/394.jpg,bracol,Brasil,phoma,val
C:/Users/napop/leaf-plate-data/bracol/coffee-datasets/coffee-datasets/leaf/images/421.jpg,bracol,Brasil,phoma,val
C:/Users/napop/leaf-plate-data/bracol/coffee-datasets/coffee-datasets/leaf/images/683.jpg,bracol,Brasil,phoma,val
C:/Users/napop/leaf-plate-data/bracol/coffee-datasets/coffee-datasets/leaf/images/453.jpg,bracol,Brasil,phoma,val
C:/Users/napop/leaf-plate-data/bracol/coffee-datasets/coffee-datasets/leaf/images/462.jpg,bracol,Brasil,phoma,val
C:/Users/napop/leaf-plate-data/bracol/coffee-datasets/coffee-datasets/leaf/images/514.jpg,bracol,Brasil,phoma,val
C:/Users/napop/leaf-plate-data/bracol/coffee-datasets/coffee-datasets/leaf/images/529.jpg,bracol,Brasil,phoma,val
C:/Users/napop/leaf-plate-data/bracol/coffee-datasets/coffee-datasets/leaf/images/234.jpg,bracol,Brasil,phoma,val
C:/Users/napop/leaf-plate-data/bracol/coffee-datasets/coffee-datasets/leaf/images/545.jpg,bracol,Brasil,phoma,val
C:/Users/napop/leaf-plate-data/bracol/coffee-datasets/coffee-datasets/leaf/images/272.jpg,bracol,Brasil,phoma,val
C:/Users/napop/leaf-plate-data/bracol/coffee-datasets/coffee-datasets/leaf/images/388.jpg,bracol,Brasil,phoma,val
C:/Users/napop/leaf-plate-data/bracol/coffee-datasets/coffee-datasets/leaf/images/407.jpg,bracol,Brasil,phoma,val
C:/Users/napop/leaf-plate-data/bracol/coffee-datasets/coffee-datasets/leaf/images/325.jpg,bracol,Brasil,phoma,val
C:/Users/napop/leaf-plate-data/bracol/coffee-datasets/coffee-datasets/leaf/images/441.jpg,bracol,Brasil,phoma,val
C:/Users/napop/leaf-plate-data/bracol/coffee-datasets/coffee-datasets/leaf/images/398.jpg,bracol,Brasil,phoma,test
C:/Users/napop/leaf-plate-data/bracol/coffee-datasets/coffee-datasets/leaf/images/431.jpg,bracol,Brasil,phoma,test
C:/Users/napop/leaf-plate-data/bracol/coffee-datasets/coffee-datasets/leaf/images/492.jpg,bracol,Brasil,phoma,test
C:/Users/napop/leaf-plate-data/bracol/coffee-datasets/coffee-datasets/leaf/images/448.jpg,bracol,Brasil,phoma,test
C:/Users/napop/leaf-plate-data/bracol/coffee-datasets/coffee-datasets/leaf/images/307.jpg,bracol,Brasil,phoma,test
C:/Users/napop/leaf-plate-data/bracol/coffee-datasets/coffee-datasets/leaf/images/339.jpg,bracol,Brasil,phoma,test
C:/Users/napop/leaf-plate-data/bracol/coffee-datasets/coffee-datasets/leaf/images/308.jpg,bracol,Brasil,phoma,test
C:/Users/napop/leaf-plate-data/bracol/coffee-datasets/coffee-datasets/leaf/images/478.jpg,bracol,Brasil,phoma,test
C:/Users/napop/leaf-plate-data/bracol/coffee-datasets/coffee-datasets/leaf/images/428.jpg,bracol,Brasil,phoma,test
C:/Users/napop/leaf-plate-data/bracol/coffee-datasets/coffee-datasets/leaf/images/273.jpg,bracol,Brasil,phoma,test
C:/Users/napop/leaf-plate-data/bracol/coffee-datasets/coffee-datasets/leaf/images/337.jpg,bracol,Brasil,phoma,test
C:/Users/napop/leaf-plate-data/bracol/coffee-datasets/coffee-datasets/leaf/images/468.jpg,bracol,Brasil,phoma,test
C:/Users/napop/leaf-plate-data/bracol/coffee-datasets/coffee-datasets/leaf/images/574.jpg,bracol,Brasil,phoma,test
C:/Users/napop/leaf-plate-data/bracol/coffee-datasets/coffee-datasets/leaf/images/354.jpg,bracol,Brasil,phoma,test
C:/Users/napop/leaf-plate-data/bracol/coffee-datasets/coffee-datasets/leaf/images/298.jpg,bracol,Brasil,phoma,test
C:/Users/napop/leaf-plate-data/bracol/coffee-datasets/coffee-datasets/leaf/images/412.jpg,bracol,Brasil,phoma,test
C:/Users/napop/leaf-plate-data/bracol/coffee-datasets/coffee-datasets/leaf/images/304.jpg,bracol,Brasil,phoma,test
C:/Users/napop/leaf-plate-data/bracol/coffee-datasets/coffee-datasets/leaf/images/563.jpg,bracol,Brasil,phoma,test
C:/Users/napop/leaf-plate-data/bracol/coffee-datasets/coffee-datasets/leaf/images/380.jpg,bracol,Brasil,phoma,test
C:/Users/napop/leaf-plate-data/bracol/coffee-datasets/coffee-datasets/leaf/images/333.jpg,bracol,Brasil,phoma,test
C:/Users/napop/leaf-plate-data/bracol/coffee-datasets/coffee-datasets/leaf/images/554.jpg,bracol,Brasil,phoma,test
C:/Users/napop/leaf-plate-data/bracol/coffee-datasets/coffee-datasets/leaf/images/445.jpg,bracol,Brasil,phoma,test
C:/Users/napop/leaf-plate-data/bracol/coffee-datasets/coffee-datasets/leaf/images/348.jpg,bracol,Brasil,phoma,test
C:/Users/napop/leaf-plate-data/bracol/coffee-datasets/coffee-datasets/leaf/images/262.jpg,bracol,Brasil,phoma,test
C:/Users/napop/leaf-plate-data/bracol/coffee-datasets/coffee-datasets/leaf/images/386.jpg,bracol,Brasil,phoma,test
C:/Users/napop/leaf-plate-data/bracol/coffee-datasets/coffee-datasets/leaf/images/670.jpg,bracol,Brasil,phoma,test
C:/Users/napop/leaf-plate-data/bracol/coffee-datasets/coffee-datasets/leaf/images/425.jpg,bracol,Brasil,phoma,test
C:/Users/napop/leaf-plate-data/bracol/coffee-datasets/coffee-datasets/leaf/images/287.jpg,bracol,Brasil,phoma,test
C:/Users/napop/leaf-plate-data/bracol/coffee-datasets/coffee-datasets/leaf/images/438.jpg,bracol,Brasil,phoma,test
C:/Users/napop/leaf-plate-data/bracol/coffee-datasets/coffee-datasets/leaf/images/295.jpg,bracol,Brasil,phoma,test
C:/Users/napop/leaf-plate-data/bracol/coffee-datasets/coffee-datasets/leaf/images/457.jpg,bracol,Brasil,phoma,test
C:/Users/napop/leaf-plate-data/bracol/coffee-datasets/coffee-datasets/leaf/images/328.jpg,bracol,Brasil,phoma,test
C:/Users/napop/leaf-plate-data/bracol/coffee-datasets/coffee-datasets/leaf/images/518.jpg,bracol,Brasil,phoma,test
C:/Users/napop/leaf-plate-data/bracol/coffee-datasets/coffee-datasets/leaf/images/357.jpg,bracol,Brasil,phoma,test
C:/Users/napop/leaf-plate-data/bracol/coffee-datasets/coffee-datasets/leaf/images/497.jpg,bracol,Brasil,phoma,test
C:/Users/napop/leaf-plate-data/bracol/coffee-datasets/coffee-datasets/leaf/images/351.jpg,bracol,Brasil,phoma,test
C:/Users/napop/leaf-plate-data/bracol/coffee-datasets/coffee-datasets/leaf/images/488.jpg,bracol,Brasil,phoma,test
C:/Users/napop/leaf-plate-data/bracol/coffee-datasets/coffee-datasets/leaf/images/473.jpg,bracol,Brasil,phoma,test
C:/Users/napop/leaf-plate-data/bracol/coffee-datasets/coffee-datasets/leaf/images/503.jpg,bracol,Brasil,phoma,test
C:/Users/napop/leaf-plate-data/bracol/coffee-datasets/coffee-datasets/leaf/images/489.jpg,bracol,Brasil,phoma,test
C:/Users/napop/leaf-plate-data/bracol/coffee-datasets/coffee-datasets/leaf/images/459.jpg,bracol,Brasil,phoma,test
C:/Users/napop/leaf-plate-data/bracol/coffee-datasets/coffee-datasets/leaf/images/366.jpg,bracol,Brasil,phoma,test
C:/Users/napop/leaf-plate-data/bracol/coffee-datasets/coffee-datasets/leaf/images/327.jpg,bracol,Brasil,phoma,test
C:/Users/napop/leaf-plate-data/bracol/coffee-datasets/coffee-datasets/leaf/images/491.jpg,bracol,Brasil,phoma,test
C:/Users/napop/leaf-plate-data/bracol/coffee-datasets/coffee-datasets/leaf/images/546.jpg,bracol,Brasil,phoma,test
C:/Users/napop/leaf-plate-data/bracol/coffee-datasets/coffee-datasets/leaf/images/487.jpg,bracol,Brasil,phoma,test
C:/Users/napop/leaf-plate-data/bracol/coffee-datasets/coffee-datasets/leaf/images/549.jpg,bracol,Brasil,phoma,test
C:/Users/napop/leaf-plate-data/bracol/coffee-datasets/coffee-datasets/leaf/images/391.jpg,bracol,Brasil,phoma,test
C:/Users/napop/leaf-plate-data/bracol/coffee-datasets/coffee-datasets/leaf/images/454.jpg,bracol,Brasil,phoma,test
C:/Users/napop/leaf-plate-data/bracol/coffee-datasets/coffee-datasets/leaf/images/257.jpg,bracol,Brasil,phoma,test
C:/Users/napop/leaf-plate-data/bracol/coffee-datasets/coffee-datasets/leaf/images/239.jpg,bracol,Brasil,phoma,test
C:/Users/napop/leaf-plate-data/bracol/coffee-datasets/coffee-datasets/leaf/images/519.jpg,bracol,Brasil,phoma,test
C:/Users/napop/leaf-plate-data/bracol/coffee-datasets/coffee-datasets/leaf/images/1721.jpg,bracol,Brasil,roya,train
C:/Users/napop/leaf-plate-data/bracol/coffee-datasets/coffee-datasets/leaf/images/1651.jpg,bracol,Brasil,roya,train
C:/Users/napop/leaf-plate-data/bracol/coffee-datasets/coffee-datasets/leaf/images/156.jpg,bracol,Brasil,roya,train
C:/Users/napop/leaf-plate-data/bracol/coffee-datasets/coffee-datasets/leaf/images/1704.jpg,bracol,Brasil,roya,train
C:/Users/napop/leaf-plate-data/bracol/coffee-datasets/coffee-datasets/leaf/images/1371.jpg,bracol,Brasil,roya,train
C:/Users/napop/leaf-plate-data/bracol/coffee-datasets/coffee-datasets/leaf/images/167.jpg,bracol,Brasil,roya,train
C:/Users/napop/leaf-plate-data/bracol/coffee-datasets/coffee-datasets/leaf/images/1486.jpg,bracol,Brasil,roya,train
C:/Users/napop/leaf-plate-data/bracol/coffee-datasets/coffee-datasets/leaf/images/109.jpg,bracol,Brasil,roya,train
C:/Users/napop/leaf-plate-data/bracol/coffee-datasets/coffee-datasets/leaf/images/1307.jpg,bracol,Brasil,roya,train
C:/Users/napop/leaf-plate-data/bracol/coffee-datasets/coffee-datasets/leaf/images/1330.jpg,bracol,Brasil,roya,train
C:/Users/napop/leaf-plate-data/bracol/coffee-datasets/coffee-datasets/leaf/images/1632.jpg,bracol,Brasil,roya,train
C:/Users/napop/leaf-plate-data/bracol/coffee-datasets/coffee-datasets/leaf/images/1338.jpg,bracol,Brasil,roya,train
C:/Users/napop/leaf-plate-data/bracol/coffee-datasets/coffee-datasets/leaf/images/1449.jpg,bracol,Brasil,roya,train
C:/Users/napop/leaf-plate-data/bracol/coffee-datasets/coffee-datasets/leaf/images/1278.jpg,bracol,Brasil,roya,train
C:/Users/napop/leaf-plate-data/bracol/coffee-datasets/coffee-datasets/leaf/images/120.jpg,bracol,Brasil,roya,train
C:/Users/napop/leaf-plate-data/bracol/coffee-datasets/coffee-datasets/leaf/images/596.jpg,bracol,Brasil,roya,train
C:/Users/napop/leaf-plate-data/bracol/coffee-datasets/coffee-datasets/leaf/images/1667.jpg,bracol,Brasil,roya,train
C:/Users/napop/leaf-plate-data/bracol/coffee-datasets/coffee-datasets/leaf/images/1271.jpg,bracol,Brasil,roya,train
C:/Users/napop/leaf-plate-data/bracol/coffee-datasets/coffee-datasets/leaf/images/1366.jpg,bracol,Brasil,roya,train
C:/Users/napop/leaf-plate-data/bracol/coffee-datasets/coffee-datasets/leaf/images/1034.jpg,bracol,Brasil,roya,train
C:/Users/napop/leaf-plate-data/bracol/coffee-datasets/coffee-datasets/leaf/images/1354.jpg,bracol,Brasil,roya,train
C:/Users/napop/leaf-plate-data/bracol/coffee-datasets/coffee-datasets/leaf/images/1662.jpg,bracol,Brasil,roya,train
C:/Users/napop/leaf-plate-data/bracol/coffee-datasets/coffee-datasets/leaf/images/1628.jpg,bracol,Brasil,roya,train
C:/Users/napop/leaf-plate-data/bracol/coffee-datasets/coffee-datasets/leaf/images/1464.jpg,bracol,Brasil,roya,train
C:/Users/napop/leaf-plate-data/bracol/coffee-datasets/coffee-datasets/leaf/images/1536.jpg,bracol,Brasil,roya,train
C:/Users/napop/leaf-plate-data/bracol/coffee-datasets/coffee-datasets/leaf/images/1598.jpg,bracol,Brasil,roya,train
C:/Users/napop/leaf-plate-data/bracol/coffee-datasets/coffee-datasets/leaf/images/1258.jpg,bracol,Brasil,roya,train
C:/Users/napop/leaf-plate-data/bracol/coffee-datasets/coffee-datasets/leaf/images/1692.jpg,bracol,Brasil,roya,train
C:/Users/napop/leaf-plate-data/bracol/coffee-datasets/coffee-datasets/leaf/images/1674.jpg,bracol,Brasil,roya,train
C:/Users/napop/leaf-plate-data/bracol/coffee-datasets/coffee-datasets/leaf/images/1629.jpg,bracol,Brasil,roya,train
C:/Users/napop/leaf-plate-data/bracol/coffee-datasets/coffee-datasets/leaf/images/1560.jpg,bracol,Brasil,roya,train
C:/Users/napop/leaf-plate-data/bracol/coffee-datasets/coffee-datasets/leaf/images/160.jpg,bracol,Brasil,roya,train
C:/Users/napop/leaf-plate-data/bracol/coffee-datasets/coffee-datasets/leaf/images/1513.jpg,bracol,Brasil,roya,train
C:/Users/napop/leaf-plate-data/bracol/coffee-datasets/coffee-datasets/leaf/images/1434.jpg,bracol,Brasil,roya,train
C:/Users/napop/leaf-plate-data/bracol/coffee-datasets/coffee-datasets/leaf/images/108.jpg,bracol,Brasil,roya,train
C:/Users/napop/leaf-plate-data/bracol/coffee-datasets/coffee-datasets/leaf/images/1584.jpg,bracol,Brasil,roya,train
C:/Users/napop/leaf-plate-data/bracol/coffee-datasets/coffee-datasets/leaf/images/1544.jpg,bracol,Brasil,roya,train
C:/Users/napop/leaf-plate-data/bracol/coffee-datasets/coffee-datasets/leaf/images/1710.jpg,bracol,Brasil,roya,train
C:/Users/napop/leaf-plate-data/bracol/coffee-datasets/coffee-datasets/leaf/images/1622.jpg,bracol,Brasil,roya,train
C:/Users/napop/leaf-plate-data/bracol/coffee-datasets/coffee-datasets/leaf/images/1206.jpg,bracol,Brasil,roya,train
C:/Users/napop/leaf-plate-data/bracol/coffee-datasets/coffee-datasets/leaf/images/1616.jpg,bracol,Brasil,roya,train
C:/Users/napop/leaf-plate-data/bracol/coffee-datasets/coffee-datasets/leaf/images/1443.jpg,bracol,Brasil,roya,train
C:/Users/napop/leaf-plate-data/bracol/coffee-datasets/coffee-datasets/leaf/images/1523.jpg,bracol,Brasil,roya,train
C:/Users/napop/leaf-plate-data/bracol/coffee-datasets/coffee-datasets/leaf/images/1363.jpg,bracol,Brasil,roya,train
C:/Users/napop/leaf-plate-data/bracol/coffee-datasets/coffee-datasets/leaf/images/1348.jpg,bracol,Brasil,roya,train
C:/Users/napop/leaf-plate-data/bracol/coffee-datasets/coffee-datasets/leaf/images/1456.jpg,bracol,Brasil,roya,train
C:/Users/napop/leaf-plate-data/bracol/coffee-datasets/coffee-datasets/leaf/images/1548.jpg,bracol,Brasil,roya,train
C:/Users/napop/leaf-plate-data/bracol/coffee-datasets/coffee-datasets/leaf/images/570.jpg,bracol,Brasil,roya,train
C:/Users/napop/leaf-plate-data/bracol/coffee-datasets/coffee-datasets/leaf/images/1609.jpg,bracol,Brasil,roya,train
C:/Users/napop/leaf-plate-data/bracol/coffee-datasets/coffee-datasets/leaf/images/1682.jpg,bracol,Brasil,roya,train
C:/Users/napop/leaf-plate-data/bracol/coffee-datasets/coffee-datasets/leaf/images/619.jpg,bracol,Brasil,roya,train
C:/Users/napop/leaf-plate-data/bracol/coffee-datasets/coffee-datasets/leaf/images/1599.jpg,bracol,Brasil,roya,train
C:/Users/napop/leaf-plate-data/bracol/coffee-datasets/coffee-datasets/leaf/images/1414.jpg,bracol,Brasil,roya,train
C:/Users/napop/leaf-plate-data/bracol/coffee-datasets/coffee-datasets/leaf/images/1346.jpg,bracol,Brasil,roya,train
C:/Users/napop/leaf-plate-data/bracol/coffee-datasets/coffee-datasets/leaf/images/1255.jpg,bracol,Brasil,roya,train
C:/Users/napop/leaf-plate-data/bracol/coffee-datasets/coffee-datasets/leaf/images/1500.jpg,bracol,Brasil,roya,train
C:/Users/napop/leaf-plate-data/bracol/coffee-datasets/coffee-datasets/leaf/images/1645.jpg,bracol,Brasil,roya,train
C:/Users/napop/leaf-plate-data/bracol/coffee-datasets/coffee-datasets/leaf/images/1286.jpg,bracol,Brasil,roya,train
C:/Users/napop/leaf-plate-data/bracol/coffee-datasets/coffee-datasets/leaf/images/1262.jpg,bracol,Brasil,roya,train
C:/Users/napop/leaf-plate-data/bracol/coffee-datasets/coffee-datasets/leaf/images/1467.jpg,bracol,Brasil,roya,train
C:/Users/napop/leaf-plate-data/bracol/coffee-datasets/coffee-datasets/leaf/images/1726.jpg,bracol,Brasil,roya,train
C:/Users/napop/leaf-plate-data/bracol/coffee-datasets/coffee-datasets/leaf/images/1302.jpg,bracol,Brasil,roya,train
C:/Users/napop/leaf-plate-data/bracol/coffee-datasets/coffee-datasets/leaf/images/1671.jpg,bracol,Brasil,roya,train
C:/Users/napop/leaf-plate-data/bracol/coffee-datasets/coffee-datasets/leaf/images/131.jpg,bracol,Brasil,roya,train
C:/Users/napop/leaf-plate-data/bracol/coffee-datasets/coffee-datasets/leaf/images/1341.jpg,bracol,Brasil,roya,train
C:/Users/napop/leaf-plate-data/bracol/coffee-datasets/coffee-datasets/leaf/images/161.jpg,bracol,Brasil,roya,train
C:/Users/napop/leaf-plate-data/bracol/coffee-datasets/coffee-datasets/leaf/images/1699.jpg,bracol,Brasil,roya,train
C:/Users/napop/leaf-plate-data/bracol/coffee-datasets/coffee-datasets/leaf/images/1526.jpg,bracol,Brasil,roya,train
C:/Users/napop/leaf-plate-data/bracol/coffee-datasets/coffee-datasets/leaf/images/1552.jpg,bracol,Brasil,roya,train
C:/Users/napop/leaf-plate-data/bracol/coffee-datasets/coffee-datasets/leaf/images/1445.jpg,bracol,Brasil,roya,train
C:/Users/napop/leaf-plate-data/bracol/coffee-datasets/coffee-datasets/leaf/images/1425.jpg,bracol,Brasil,roya,train
C:/Users/napop/leaf-plate-data/bracol/coffee-datasets/coffee-datasets/leaf/images/1605.jpg,bracol,Brasil,roya,train
C:/Users/napop/leaf-plate-data/bracol/coffee-datasets/coffee-datasets/leaf/images/164.jpg,bracol,Brasil,roya,train
C:/Users/napop/leaf-plate-data/bracol/coffee-datasets/coffee-datasets/leaf/images/1122.jpg,bracol,Brasil,roya,train
C:/Users/napop/leaf-plate-data/bracol/coffee-datasets/coffee-datasets/leaf/images/1490.jpg,bracol,Brasil,roya,train
C:/Users/napop/leaf-plate-data/bracol/coffee-datasets/coffee-datasets/leaf/images/152.jpg,bracol,Brasil,roya,train
C:/Users/napop/leaf-plate-data/bracol/coffee-datasets/coffee-datasets/leaf/images/141.jpg,bracol,Brasil,roya,train
C:/Users/napop/leaf-plate-data/bracol/coffee-datasets/coffee-datasets/leaf/images/1095.jpg,bracol,Brasil,roya,train
C:/Users/napop/leaf-plate-data/bracol/coffee-datasets/coffee-datasets/leaf/images/1620.jpg,bracol,Brasil,roya,train
C:/Users/napop/leaf-plate-data/bracol/coffee-datasets/coffee-datasets/leaf/images/1520.jpg,bracol,Brasil,roya,train
C:/Users/napop/leaf-plate-data/bracol/coffee-datasets/coffee-datasets/leaf/images/1448.jpg,bracol,Brasil,roya,train
C:/Users/napop/leaf-plate-data/bracol/coffee-datasets/coffee-datasets/leaf/images/150.jpg,bracol,Brasil,roya,train
C:/Users/napop/leaf-plate-data/bracol/coffee-datasets/coffee-datasets/leaf/images/1297.jpg,bracol,Brasil,roya,train
C:/Users/napop/leaf-plate-data/bracol/coffee-datasets/coffee-datasets/leaf/images/1613.jpg,bracol,Brasil,roya,train
C:/Users/napop/leaf-plate-data/bracol/coffee-datasets/coffee-datasets/leaf/images/1607.jpg,bracol,Brasil,roya,train
C:/Users/napop/leaf-plate-data/bracol/coffee-datasets/coffee-datasets/leaf/images/145.jpg,bracol,Brasil,roya,train
C:/Users/napop/leaf-plate-data/bracol/coffee-datasets/coffee-datasets/leaf/images/1382.jpg,bracol,Brasil,roya,train
C:/Users/napop/leaf-plate-data/bracol/coffee-datasets/coffee-datasets/leaf/images/112.jpg,bracol,Brasil,roya,train
C:/Users/napop/leaf-plate-data/bracol/coffee-datasets/coffee-datasets/leaf/images/1389.jpg,bracol,Brasil,roya,train
C:/Users/napop/leaf-plate-data/bracol/coffee-datasets/coffee-datasets/leaf/images/158.jpg,bracol,Brasil,roya,train
C:/Users/napop/leaf-plate-data/bracol/coffee-datasets/coffee-datasets/leaf/images/1744.jpg,bracol,Brasil,roya,train
C:/Users/napop/leaf-plate-data/bracol/coffee-datasets/coffee-datasets/leaf/images/1666.jpg,bracol,Brasil,roya,train
C:/Users/napop/leaf-plate-data/bracol/coffee-datasets/coffee-datasets/leaf/images/1418.jpg,bracol,Brasil,roya,train
C:/Users/napop/leaf-plate-data/bracol/coffee-datasets/coffee-datasets/leaf/images/1694.jpg,bracol,Brasil,roya,train
C:/Users/napop/leaf-plate-data/bracol/coffee-datasets/coffee-datasets/leaf/images/1594.jpg,bracol,Brasil,roya,train
C:/Users/napop/leaf-plate-data/bracol/coffee-datasets/coffee-datasets/leaf/images/115.jpg,bracol,Brasil,roya,train
C:/Users/napop/leaf-plate-data/bracol/coffee-datasets/coffee-datasets/leaf/images/1174.jpg,bracol,Brasil,roya,train
C:/Users/napop/leaf-plate-data/bracol/coffee-datasets/coffee-datasets/leaf/images/1276.jpg,bracol,Brasil,roya,train
C:/Users/napop/leaf-plate-data/bracol/coffee-datasets/coffee-datasets/leaf/images/1336.jpg,bracol,Brasil,roya,train
C:/Users/napop/leaf-plate-data/bracol/coffee-datasets/coffee-datasets/leaf/images/1295.jpg,bracol,Brasil,roya,train
C:/Users/napop/leaf-plate-data/bracol/coffee-datasets/coffee-datasets/leaf/images/169.jpg,bracol,Brasil,roya,train
C:/Users/napop/leaf-plate-data/bracol/coffee-datasets/coffee-datasets/leaf/images/560.jpg,bracol,Brasil,roya,train
C:/Users/napop/leaf-plate-data/bracol/coffee-datasets/coffee-datasets/leaf/images/1580.jpg,bracol,Brasil,roya,train
C:/Users/napop/leaf-plate-data/bracol/coffee-datasets/coffee-datasets/leaf/images/136.jpg,bracol,Brasil,roya,train
C:/Users/napop/leaf-plate-data/bracol/coffee-datasets/coffee-datasets/leaf/images/1140.jpg,bracol,Brasil,roya,train
C:/Users/napop/leaf-plate-data/bracol/coffee-datasets/coffee-datasets/leaf/images/1649.jpg,bracol,Brasil,roya,train
C:/Users/napop/leaf-plate-data/bracol/coffee-datasets/coffee-datasets/leaf/images/1347.jpg,bracol,Brasil,roya,train
C:/Users/napop/leaf-plate-data/bracol/coffee-datasets/coffee-datasets/leaf/images/1603.jpg,bracol,Brasil,roya,train
C:/Users/napop/leaf-plate-data/bracol/coffee-datasets/coffee-datasets/leaf/images/1327.jpg,bracol,Brasil,roya,train
C:/Users/napop/leaf-plate-data/bracol/coffee-datasets/coffee-datasets/leaf/images/1559.jpg,bracol,Brasil,roya,train
C:/Users/napop/leaf-plate-data/bracol/coffee-datasets/coffee-datasets/leaf/images/1678.jpg,bracol,Brasil,roya,train
C:/Users/napop/leaf-plate-data/bracol/coffee-datasets/coffee-datasets/leaf/images/113.jpg,bracol,Brasil,roya,train
C:/Users/napop/leaf-plate-data/bracol/coffee-datasets/coffee-datasets/leaf/images/1498.jpg,bracol,Brasil,roya,train
C:/Users/napop/leaf-plate-data/bracol/coffee-datasets/coffee-datasets/leaf/images/1289.jpg,bracol,Brasil,roya,train
C:/Users/napop/leaf-plate-data/bracol/coffee-datasets/coffee-datasets/leaf/images/561.jpg,bracol,Brasil,roya,train
C:/Users/napop/leaf-plate-data/bracol/coffee-datasets/coffee-datasets/leaf/images/1398.jpg,bracol,Brasil,roya,train
C:/Users/napop/leaf-plate-data/bracol/coffee-datasets/coffee-datasets/leaf/images/1018.jpg,bracol,Brasil,roya,train
C:/Users/napop/leaf-plate-data/bracol/coffee-datasets/coffee-datasets/leaf/images/1358.jpg,bracol,Brasil,roya,train
C:/Users/napop/leaf-plate-data/bracol/coffee-datasets/coffee-datasets/leaf/images/1527.jpg,bracol,Brasil,roya,train
C:/Users/napop/leaf-plate-data/bracol/coffee-datasets/coffee-datasets/leaf/images/1400.jpg,bracol,Brasil,roya,train
C:/Users/napop/leaf-plate-data/bracol/coffee-datasets/coffee-datasets/leaf/images/1590.jpg,bracol,Brasil,roya,train
C:/Users/napop/leaf-plate-data/bracol/coffee-datasets/coffee-datasets/leaf/images/1318.jpg,bracol,Brasil,roya,train
C:/Users/napop/leaf-plate-data/bracol/coffee-datasets/coffee-datasets/leaf/images/1554.jpg,bracol,Brasil,roya,train
C:/Users/napop/leaf-plate-data/bracol/coffee-datasets/coffee-datasets/leaf/images/1539.jpg,bracol,Brasil,roya,train
C:/Users/napop/leaf-plate-data/bracol/coffee-datasets/coffee-datasets/leaf/images/1687.jpg,bracol,Brasil,roya,train
C:/Users/napop/leaf-plate-data/bracol/coffee-datasets/coffee-datasets/leaf/images/1433.jpg,bracol,Brasil,roya,train
C:/Users/napop/leaf-plate-data/bracol/coffee-datasets/coffee-datasets/leaf/images/101.jpg,bracol,Brasil,roya,train
C:/Users/napop/leaf-plate-data/bracol/coffee-datasets/coffee-datasets/leaf/images/1355.jpg,bracol,Brasil,roya,train
C:/Users/napop/leaf-plate-data/bracol/coffee-datasets/coffee-datasets/leaf/images/1280.jpg,bracol,Brasil,roya,train
C:/Users/napop/leaf-plate-data/bracol/coffee-datasets/coffee-datasets/leaf/images/1600.jpg,bracol,Brasil,roya,train
C:/Users/napop/leaf-plate-data/bracol/coffee-datasets/coffee-datasets/leaf/images/1399.jpg,bracol,Brasil,roya,train
C:/Users/napop/leaf-plate-data/bracol/coffee-datasets/coffee-datasets/leaf/images/1505.jpg,bracol,Brasil,roya,train
C:/Users/napop/leaf-plate-data/bracol/coffee-datasets/coffee-datasets/leaf/images/1740.jpg,bracol,Brasil,roya,train
C:/Users/napop/leaf-plate-data/bracol/coffee-datasets/coffee-datasets/leaf/images/1411.jpg,bracol,Brasil,roya,train
C:/Users/napop/leaf-plate-data/bracol/coffee-datasets/coffee-datasets/leaf/images/1571.jpg,bracol,Brasil,roya,train
C:/Users/napop/leaf-plate-data/bracol/coffee-datasets/coffee-datasets/leaf/images/1747.jpg,bracol,Brasil,roya,train
C:/Users/napop/leaf-plate-data/bracol/coffee-datasets/coffee-datasets/leaf/images/1094.jpg,bracol,Brasil,roya,train
C:/Users/napop/leaf-plate-data/bracol/coffee-datasets/coffee-datasets/leaf/images/1532.jpg,bracol,Brasil,roya,train
C:/Users/napop/leaf-plate-data/bracol/coffee-datasets/coffee-datasets/leaf/images/149.jpg,bracol,Brasil,roya,train
C:/Users/napop/leaf-plate-data/bracol/coffee-datasets/coffee-datasets/leaf/images/1279.jpg,bracol,Brasil,roya,train
C:/Users/napop/leaf-plate-data/bracol/coffee-datasets/coffee-datasets/leaf/images/1707.jpg,bracol,Brasil,roya,train
C:/Users/napop/leaf-plate-data/bracol/coffee-datasets/coffee-datasets/leaf/images/1234.jpg,bracol,Brasil,roya,train
C:/Users/napop/leaf-plate-data/bracol/coffee-datasets/coffee-datasets/leaf/images/1540.jpg,bracol,Brasil,roya,train
C:/Users/napop/leaf-plate-data/bracol/coffee-datasets/coffee-datasets/leaf/images/1729.jpg,bracol,Brasil,roya,train
C:/Users/napop/leaf-plate-data/bracol/coffee-datasets/coffee-datasets/leaf/images/1567.jpg,bracol,Brasil,roya,train
C:/Users/napop/leaf-plate-data/bracol/coffee-datasets/coffee-datasets/leaf/images/1344.jpg,bracol,Brasil,roya,train
C:/Users/napop/leaf-plate-data/bracol/coffee-datasets/coffee-datasets/leaf/images/1463.jpg,bracol,Brasil,roya,train
C:/Users/napop/leaf-plate-data/bracol/coffee-datasets/coffee-datasets/leaf/images/1561.jpg,bracol,Brasil,roya,train
C:/Users/napop/leaf-plate-data/bracol/coffee-datasets/coffee-datasets/leaf/images/1738.jpg,bracol,Brasil,roya,train
C:/Users/napop/leaf-plate-data/bracol/coffee-datasets/coffee-datasets/leaf/images/1470.jpg,bracol,Brasil,roya,train
C:/Users/napop/leaf-plate-data/bracol/coffee-datasets/coffee-datasets/leaf/images/1586.jpg,bracol,Brasil,roya,train
C:/Users/napop/leaf-plate-data/bracol/coffee-datasets/coffee-datasets/leaf/images/1299.jpg,bracol,Brasil,roya,train
C:/Users/napop/leaf-plate-data/bracol/coffee-datasets/coffee-datasets/leaf/images/1656.jpg,bracol,Brasil,roya,train
C:/Users/napop/leaf-plate-data/bracol/coffee-datasets/coffee-datasets/leaf/images/1282.jpg,bracol,Brasil,roya,train
C:/Users/napop/leaf-plate-data/bracol/coffee-datasets/coffee-datasets/leaf/images/1283.jpg,bracol,Brasil,roya,train
C:/Users/napop/leaf-plate-data/bracol/coffee-datasets/coffee-datasets/leaf/images/1529.jpg,bracol,Brasil,roya,train
C:/Users/napop/leaf-plate-data/bracol/coffee-datasets/coffee-datasets/leaf/images/1518.jpg,bracol,Brasil,roya,train
C:/Users/napop/leaf-plate-data/bracol/coffee-datasets/coffee-datasets/leaf/images/1397.jpg,bracol,Brasil,roya,train
C:/Users/napop/leaf-plate-data/bracol/coffee-datasets/coffee-datasets/leaf/images/1454.jpg,bracol,Brasil,roya,train
C:/Users/napop/leaf-plate-data/bracol/coffee-datasets/coffee-datasets/leaf/images/1367.jpg,bracol,Brasil,roya,train
C:/Users/napop/leaf-plate-data/bracol/coffee-datasets/coffee-datasets/leaf/images/122.jpg,bracol,Brasil,roya,train
C:/Users/napop/leaf-plate-data/bracol/coffee-datasets/coffee-datasets/leaf/images/1272.jpg,bracol,Brasil,roya,train
C:/Users/napop/leaf-plate-data/bracol/coffee-datasets/coffee-datasets/leaf/images/119.jpg,bracol,Brasil,roya,train
C:/Users/napop/leaf-plate-data/bracol/coffee-datasets/coffee-datasets/leaf/images/1431.jpg,bracol,Brasil,roya,train
C:/Users/napop/leaf-plate-data/bracol/coffee-datasets/coffee-datasets/leaf/images/1112.jpg,bracol,Brasil,roya,train
C:/Users/napop/leaf-plate-data/bracol/coffee-datasets/coffee-datasets/leaf/images/1461.jpg,bracol,Brasil,roya,train
C:/Users/napop/leaf-plate-data/bracol/coffee-datasets/coffee-datasets/leaf/images/1300.jpg,bracol,Brasil,roya,train
C:/Users/napop/leaf-plate-data/bracol/coffee-datasets/coffee-datasets/leaf/images/1377.jpg,bracol,Brasil,roya,train
C:/Users/napop/leaf-plate-data/bracol/coffee-datasets/coffee-datasets/leaf/images/1386.jpg,bracol,Brasil,roya,train
C:/Users/napop/leaf-plate-data/bracol/coffee-datasets/coffee-datasets/leaf/images/1060.jpg,bracol,Brasil,roya,train
C:/Users/napop/leaf-plate-data/bracol/coffee-datasets/coffee-datasets/leaf/images/172.jpg,bracol,Brasil,roya,train
C:/Users/napop/leaf-plate-data/bracol/coffee-datasets/coffee-datasets/leaf/images/1383.jpg,bracol,Brasil,roya,train
C:/Users/napop/leaf-plate-data/bracol/coffee-datasets/coffee-datasets/leaf/images/1479.jpg,bracol,Brasil,roya,train
C:/Users/napop/leaf-plate-data/bracol/coffee-datasets/coffee-datasets/leaf/images/138.jpg,bracol,Brasil,roya,train
C:/Users/napop/leaf-plate-data/bracol/coffee-datasets/coffee-datasets/leaf/images/1698.jpg,bracol,Brasil,roya,train
C:/Users/napop/leaf-plate-data/bracol/coffee-datasets/coffee-datasets/leaf/images/1235.jpg,bracol,Brasil,roya,train
C:/Users/napop/leaf-plate-data/bracol/coffee-datasets/coffee-datasets/leaf/images/1052.jpg,bracol,Brasil,roya,train
C:/Users/napop/leaf-plate-data/bracol/coffee-datasets/coffee-datasets/leaf/images/1701.jpg,bracol,Brasil,roya,train
C:/Users/napop/leaf-plate-data/bracol/coffee-datasets/coffee-datasets/leaf/images/1695.jpg,bracol,Brasil,roya,train
C:/Users/napop/leaf-plate-data/bracol/coffee-datasets/coffee-datasets/leaf/images/1614.jpg,bracol,Brasil,roya,train
C:/Users/napop/leaf-plate-data/bracol/coffee-datasets/coffee-datasets/leaf/images/1508.jpg,bracol,Brasil,roya,train
C:/Users/napop/leaf-plate-data/bracol/coffee-datasets/coffee-datasets/leaf/images/606.jpg,bracol,Brasil,roya,train
C:/Users/napop/leaf-plate-data/bracol/coffee-datasets/coffee-datasets/leaf/images/1593.jpg,bracol,Brasil,roya,train
C:/Users/napop/leaf-plate-data/bracol/coffee-datasets/coffee-datasets/leaf/images/157.jpg,bracol,Brasil,roya,train
C:/Users/napop/leaf-plate-data/bracol/coffee-datasets/coffee-datasets/leaf/images/1472.jpg,bracol,Brasil,roya,train
C:/Users/napop/leaf-plate-data/bracol/coffee-datasets/coffee-datasets/leaf/images/1531.jpg,bracol,Brasil,roya,train
C:/Users/napop/leaf-plate-data/bracol/coffee-datasets/coffee-datasets/leaf/images/1353.jpg,bracol,Brasil,roya,train
C:/Users/napop/leaf-plate-data/bracol/coffee-datasets/coffee-datasets/leaf/images/154.jpg,bracol,Brasil,roya,train
C:/Users/napop/leaf-plate-data/bracol/coffee-datasets/coffee-datasets/leaf/images/1557.jpg,bracol,Brasil,roya,train
C:/Users/napop/leaf-plate-data/bracol/coffee-datasets/coffee-datasets/leaf/images/1111.jpg,bracol,Brasil,roya,train
C:/Users/napop/leaf-plate-data/bracol/coffee-datasets/coffee-datasets/leaf/images/1264.jpg,bracol,Brasil,roya,train
C:/Users/napop/leaf-plate-data/bracol/coffee-datasets/coffee-datasets/leaf/images/597.jpg,bracol,Brasil,roya,train
C:/Users/napop/leaf-plate-data/bracol/coffee-datasets/coffee-datasets/leaf/images/1237.jpg,bracol,Brasil,roya,train
C:/Users/napop/leaf-plate-data/bracol/coffee-datasets/coffee-datasets/leaf/images/1491.jpg,bracol,Brasil,roya,train
C:/Users/napop/leaf-plate-data/bracol/coffee-datasets/coffee-datasets/leaf/images/124.jpg,bracol,Brasil,roya,train
C:/Users/napop/leaf-plate-data/bracol/coffee-datasets/coffee-datasets/leaf/images/1437.jpg,bracol,Brasil,roya,train
C:/Users/napop/leaf-plate-data/bracol/coffee-datasets/coffee-datasets/leaf/images/1503.jpg,bracol,Brasil,roya,train
C:/Users/napop/leaf-plate-data/bracol/coffee-datasets/coffee-datasets/leaf/images/1232.jpg,bracol,Brasil,roya,train
C:/Users/napop/leaf-plate-data/bracol/coffee-datasets/coffee-datasets/leaf/images/1424.jpg,bracol,Brasil,roya,train
C:/Users/napop/leaf-plate-data/bracol/coffee-datasets/coffee-datasets/leaf/images/1672.jpg,bracol,Brasil,roya,train
C:/Users/napop/leaf-plate-data/bracol/coffee-datasets/coffee-datasets/leaf/images/1079.jpg,bracol,Brasil,roya,train
C:/Users/napop/leaf-plate-data/bracol/coffee-datasets/coffee-datasets/leaf/images/1693.jpg,bracol,Brasil,roya,train
C:/Users/napop/leaf-plate-data/bracol/coffee-datasets/coffee-datasets/leaf/images/1390.jpg,bracol,Brasil,roya,train
C:/Users/napop/leaf-plate-data/bracol/coffee-datasets/coffee-datasets/leaf/images/1263.jpg,bracol,Brasil,roya,train
C:/Users/napop/leaf-plate-data/bracol/coffee-datasets/coffee-datasets/leaf/images/1537.jpg,bracol,Brasil,roya,train
C:/Users/napop/leaf-plate-data/bracol/coffee-datasets/coffee-datasets/leaf/images/1743.jpg,bracol,Brasil,roya,train
C:/Users/napop/leaf-plate-data/bracol/coffee-datasets/coffee-datasets/leaf/images/664.jpg,bracol,Brasil,roya,train
C:/Users/napop/leaf-plate-data/bracol/coffee-datasets/coffee-datasets/leaf/images/1288.jpg,bracol,Brasil,roya,train
C:/Users/napop/leaf-plate-data/bracol/coffee-datasets/coffee-datasets/leaf/images/1374.jpg,bracol,Brasil,roya,train
C:/Users/napop/leaf-plate-data/bracol/coffee-datasets/coffee-datasets/leaf/images/128.jpg,bracol,Brasil,roya,train
C:/Users/napop/leaf-plate-data/bracol/coffee-datasets/coffee-datasets/leaf/images/168.jpg,bracol,Brasil,roya,train
C:/Users/napop/leaf-plate-data/bracol/coffee-datasets/coffee-datasets/leaf/images/1384.jpg,bracol,Brasil,roya,train
C:/Users/napop/leaf-plate-data/bracol/coffee-datasets/coffee-datasets/leaf/images/1274.jpg,bracol,Brasil,roya,train
C:/Users/napop/leaf-plate-data/bracol/coffee-datasets/coffee-datasets/leaf/images/1378.jpg,bracol,Brasil,roya,train
C:/Users/napop/leaf-plate-data/bracol/coffee-datasets/coffee-datasets/leaf/images/103.jpg,bracol,Brasil,roya,train
C:/Users/napop/leaf-plate-data/bracol/coffee-datasets/coffee-datasets/leaf/images/1319.jpg,bracol,Brasil,roya,train
C:/Users/napop/leaf-plate-data/bracol/coffee-datasets/coffee-datasets/leaf/images/143.jpg,bracol,Brasil,roya,train
C:/Users/napop/leaf-plate-data/bracol/coffee-datasets/coffee-datasets/leaf/images/1281.jpg,bracol,Brasil,roya,train
C:/Users/napop/leaf-plate-data/bracol/coffee-datasets/coffee-datasets/leaf/images/1294.jpg,bracol,Brasil,roya,train
C:/Users/napop/leaf-plate-data/bracol/coffee-datasets/coffee-datasets/leaf/images/1612.jpg,bracol,Brasil,roya,train
C:/Users/napop/leaf-plate-data/bracol/coffee-datasets/coffee-datasets/leaf/images/1239.jpg,bracol,Brasil,roya,train
C:/Users/napop/leaf-plate-data/bracol/coffee-datasets/coffee-datasets/leaf/images/1488.jpg,bracol,Brasil,roya,train
C:/Users/napop/leaf-plate-data/bracol/coffee-datasets/coffee-datasets/leaf/images/1494.jpg,bracol,Brasil,roya,train
C:/Users/napop/leaf-plate-data/bracol/coffee-datasets/coffee-datasets/leaf/images/1546.jpg,bracol,Brasil,roya,train
C:/Users/napop/leaf-plate-data/bracol/coffee-datasets/coffee-datasets/leaf/images/1460.jpg,bracol,Brasil,roya,train
C:/Users/napop/leaf-plate-data/bracol/coffee-datasets/coffee-datasets/leaf/images/1372.jpg,bracol,Brasil,roya,train
C:/Users/napop/leaf-plate-data/bracol/coffee-datasets/coffee-datasets/leaf/images/1507.jpg,bracol,Brasil,roya,train
C:/Users/napop/leaf-plate-data/bracol/coffee-datasets/coffee-datasets/leaf/images/123.jpg,bracol,Brasil,roya,train
C:/Users/napop/leaf-plate-data/bracol/coffee-datasets/coffee-datasets/leaf/images/102.jpg,bracol,Brasil,roya,train
C:/Users/napop/leaf-plate-data/bracol/coffee-datasets/coffee-datasets/leaf/images/165.jpg,bracol,Brasil,roya,train
C:/Users/napop/leaf-plate-data/bracol/coffee-datasets/coffee-datasets/leaf/images/1267.jpg,bracol,Brasil,roya,train
C:/Users/napop/leaf-plate-data/bracol/coffee-datasets/coffee-datasets/leaf/images/1709.jpg,bracol,Brasil,roya,train
C:/Users/napop/leaf-plate-data/bracol/coffee-datasets/coffee-datasets/leaf/images/1381.jpg,bracol,Brasil,roya,train
C:/Users/napop/leaf-plate-data/bracol/coffee-datasets/coffee-datasets/leaf/images/1291.jpg,bracol,Brasil,roya,train
C:/Users/napop/leaf-plate-data/bracol/coffee-datasets/coffee-datasets/leaf/images/1027.jpg,bracol,Brasil,roya,train
C:/Users/napop/leaf-plate-data/bracol/coffee-datasets/coffee-datasets/leaf/images/1245.jpg,bracol,Brasil,roya,train
C:/Users/napop/leaf-plate-data/bracol/coffee-datasets/coffee-datasets/leaf/images/1679.jpg,bracol,Brasil,roya,train
C:/Users/napop/leaf-plate-data/bracol/coffee-datasets/coffee-datasets/leaf/images/1240.jpg,bracol,Brasil,roya,train
C:/Users/napop/leaf-plate-data/bracol/coffee-datasets/coffee-datasets/leaf/images/599.jpg,bracol,Brasil,roya,train
C:/Users/napop/leaf-plate-data/bracol/coffee-datasets/coffee-datasets/leaf/images/1308.jpg,bracol,Brasil,roya,train
C:/Users/napop/leaf-plate-data/bracol/coffee-datasets/coffee-datasets/leaf/images/1243.jpg,bracol,Brasil,roya,train
C:/Users/napop/leaf-plate-data/bracol/coffee-datasets/coffee-datasets/leaf/images/1436.jpg,bracol,Brasil,roya,train
C:/Users/napop/leaf-plate-data/bracol/coffee-datasets/coffee-datasets/leaf/images/1423.jpg,bracol,Brasil,roya,train
C:/Users/napop/leaf-plate-data/bracol/coffee-datasets/coffee-datasets/leaf/images/1364.jpg,bracol,Brasil,roya,train
C:/Users/napop/leaf-plate-data/bracol/coffee-datasets/coffee-datasets/leaf/images/1269.jpg,bracol,Brasil,roya,train
C:/Users/napop/leaf-plate-data/bracol/coffee-datasets/coffee-datasets/leaf/images/1572.jpg,bracol,Brasil,roya,train
C:/Users/napop/leaf-plate-data/bracol/coffee-datasets/coffee-datasets/leaf/images/1303.jpg,bracol,Brasil,roya,train
C:/Users/napop/leaf-plate-data/bracol/coffee-datasets/coffee-datasets/leaf/images/1502.jpg,bracol,Brasil,roya,train
C:/Users/napop/leaf-plate-data/bracol/coffee-datasets/coffee-datasets/leaf/images/641.jpg,bracol,Brasil,roya,train
C:/Users/napop/leaf-plate-data/bracol/coffee-datasets/coffee-datasets/leaf/images/1009.jpg,bracol,Brasil,roya,train
C:/Users/napop/leaf-plate-data/bracol/coffee-datasets/coffee-datasets/leaf/images/1547.jpg,bracol,Brasil,roya,train
C:/Users/napop/leaf-plate-data/bracol/coffee-datasets/coffee-datasets/leaf/images/1684.jpg,bracol,Brasil,roya,train
C:/Users/napop/leaf-plate-data/bracol/coffee-datasets/coffee-datasets/leaf/images/1407.jpg,bracol,Brasil,roya,train
C:/Users/napop/leaf-plate-data/bracol/coffee-datasets/coffee-datasets/leaf/images/589.jpg,bracol,Brasil,roya,train
C:/Users/napop/leaf-plate-data/bracol/coffee-datasets/coffee-datasets/leaf/images/1253.jpg,bracol,Brasil,roya,train
C:/Users/napop/leaf-plate-data/bracol/coffee-datasets/coffee-datasets/leaf/images/638.jpg,bracol,Brasil,roya,train
C:/Users/napop/leaf-plate-data/bracol/coffee-datasets/coffee-datasets/leaf/images/1597.jpg,bracol,Brasil,roya,train
C:/Users/napop/leaf-plate-data/bracol/coffee-datasets/coffee-datasets/leaf/images/135.jpg,bracol,Brasil,roya,train
C:/Users/napop/leaf-plate-data/bracol/coffee-datasets/coffee-datasets/leaf/images/1150.jpg,bracol,Brasil,roya,train
C:/Users/napop/leaf-plate-data/bracol/coffee-datasets/coffee-datasets/leaf/images/1231.jpg,bracol,Brasil,roya,train
C:/Users/napop/leaf-plate-data/bracol/coffee-datasets/coffee-datasets/leaf/images/572.jpg,bracol,Brasil,roya,train
C:/Users/napop/leaf-plate-data/bracol/coffee-datasets/coffee-datasets/leaf/images/166.jpg,bracol,Brasil,roya,train
C:/Users/napop/leaf-plate-data/bracol/coffee-datasets/coffee-datasets/leaf/images/1320.jpg,bracol,Brasil,roya,train
C:/Users/napop/leaf-plate-data/bracol/coffee-datasets/coffee-datasets/leaf/images/1522.jpg,bracol,Brasil,roya,train
C:/Users/napop/leaf-plate-data/bracol/coffee-datasets/coffee-datasets/leaf/images/1352.jpg,bracol,Brasil,roya,train
C:/Users/napop/leaf-plate-data/bracol/coffee-datasets/coffee-datasets/leaf/images/1080.jpg,bracol,Brasil,roya,train
C:/Users/napop/leaf-plate-data/bracol/coffee-datasets/coffee-datasets/leaf/images/1306.jpg,bracol,Brasil,roya,train
C:/Users/napop/leaf-plate-data/bracol/coffee-datasets/coffee-datasets/leaf/images/1535.jpg,bracol,Brasil,roya,train
C:/Users/napop/leaf-plate-data/bracol/coffee-datasets/coffee-datasets/leaf/images/1564.jpg,bracol,Brasil,roya,train
C:/Users/napop/leaf-plate-data/bracol/coffee-datasets/coffee-datasets/leaf/images/1085.jpg,bracol,Brasil,roya,train
C:/Users/napop/leaf-plate-data/bracol/coffee-datasets/coffee-datasets/leaf/images/1191.jpg,bracol,Brasil,roya,train
C:/Users/napop/leaf-plate-data/bracol/coffee-datasets/coffee-datasets/leaf/images/1447.jpg,bracol,Brasil,roya,train
C:/Users/napop/leaf-plate-data/bracol/coffee-datasets/coffee-datasets/leaf/images/1506.jpg,bracol,Brasil,roya,train
C:/Users/napop/leaf-plate-data/bracol/coffee-datasets/coffee-datasets/leaf/images/1492.jpg,bracol,Brasil,roya,train
C:/Users/napop/leaf-plate-data/bracol/coffee-datasets/coffee-datasets/leaf/images/1266.jpg,bracol,Brasil,roya,train
C:/Users/napop/leaf-plate-data/bracol/coffee-datasets/coffee-datasets/leaf/images/1268.jpg,bracol,Brasil,roya,train
C:/Users/napop/leaf-plate-data/bracol/coffee-datasets/coffee-datasets/leaf/images/130.jpg,bracol,Brasil,roya,train
C:/Users/napop/leaf-plate-data/bracol/coffee-datasets/coffee-datasets/leaf/images/1236.jpg,bracol,Brasil,roya,train
C:/Users/napop/leaf-plate-data/bracol/coffee-datasets/coffee-datasets/leaf/images/153.jpg,bracol,Brasil,roya,train
C:/Users/napop/leaf-plate-data/bracol/coffee-datasets/coffee-datasets/leaf/images/144.jpg,bracol,Brasil,roya,train
C:/Users/napop/leaf-plate-data/bracol/coffee-datasets/coffee-datasets/leaf/images/1455.jpg,bracol,Brasil,roya,train
C:/Users/napop/leaf-plate-data/bracol/coffee-datasets/coffee-datasets/leaf/images/1533.jpg,bracol,Brasil,roya,train
C:/Users/napop/leaf-plate-data/bracol/coffee-datasets/coffee-datasets/leaf/images/1405.jpg,bracol,Brasil,roya,train
C:/Users/napop/leaf-plate-data/bracol/coffee-datasets/coffee-datasets/leaf/images/116.jpg,bracol,Brasil,roya,train
C:/Users/napop/leaf-plate-data/bracol/coffee-datasets/coffee-datasets/leaf/images/593.jpg,bracol,Brasil,roya,train
C:/Users/napop/leaf-plate-data/bracol/coffee-datasets/coffee-datasets/leaf/images/1468.jpg,bracol,Brasil,roya,train
C:/Users/napop/leaf-plate-data/bracol/coffee-datasets/coffee-datasets/leaf/images/146.jpg,bracol,Brasil,roya,train
C:/Users/napop/leaf-plate-data/bracol/coffee-datasets/coffee-datasets/leaf/images/1427.jpg,bracol,Brasil,roya,train
C:/Users/napop/leaf-plate-data/bracol/coffee-datasets/coffee-datasets/leaf/images/107.jpg,bracol,Brasil,roya,train
C:/Users/napop/leaf-plate-data/bracol/coffee-datasets/coffee-datasets/leaf/images/1623.jpg,bracol,Brasil,roya,train
C:/Users/napop/leaf-plate-data/bracol/coffee-datasets/coffee-datasets/leaf/images/104.jpg,bracol,Brasil,roya,train
C:/Users/napop/leaf-plate-data/bracol/coffee-datasets/coffee-datasets/leaf/images/1356.jpg,bracol,Brasil,roya,train
C:/Users/napop/leaf-plate-data/bracol/coffee-datasets/coffee-datasets/leaf/images/1430.jpg,bracol,Brasil,roya,train
C:/Users/napop/leaf-plate-data/bracol/coffee-datasets/coffee-datasets/leaf/images/1439.jpg,bracol,Brasil,roya,train
C:/Users/napop/leaf-plate-data/bracol/coffee-datasets/coffee-datasets/leaf/images/1648.jpg,bracol,Brasil,roya,train
C:/Users/napop/leaf-plate-data/bracol/coffee-datasets/coffee-datasets/leaf/images/1633.jpg,bracol,Brasil,roya,train
C:/Users/napop/leaf-plate-data/bracol/coffee-datasets/coffee-datasets/leaf/images/1664.jpg,bracol,Brasil,roya,train
C:/Users/napop/leaf-plate-data/bracol/coffee-datasets/coffee-datasets/leaf/images/1543.jpg,bracol,Brasil,roya,train
C:/Users/napop/leaf-plate-data/bracol/coffee-datasets/coffee-datasets/leaf/images/121.jpg,bracol,Brasil,roya,train
C:/Users/napop/leaf-plate-data/bracol/coffee-datasets/coffee-datasets/leaf/images/1296.jpg,bracol,Brasil,roya,train
C:/Users/napop/leaf-plate-data/bracol/coffee-datasets/coffee-datasets/leaf/images/1495.jpg,bracol,Brasil,roya,train
C:/Users/napop/leaf-plate-data/bracol/coffee-datasets/coffee-datasets/leaf/images/1476.jpg,bracol,Brasil,roya,train
C:/Users/napop/leaf-plate-data/bracol/coffee-datasets/coffee-datasets/leaf/images/1248.jpg,bracol,Brasil,roya,train
C:/Users/napop/leaf-plate-data/bracol/coffee-datasets/coffee-datasets/leaf/images/1681.jpg,bracol,Brasil,roya,train
C:/Users/napop/leaf-plate-data/bracol/coffee-datasets/coffee-datasets/leaf/images/1528.jpg,bracol,Brasil,roya,train
C:/Users/napop/leaf-plate-data/bracol/coffee-datasets/coffee-datasets/leaf/images/1339.jpg,bracol,Brasil,roya,train
C:/Users/napop/leaf-plate-data/bracol/coffee-datasets/coffee-datasets/leaf/images/1474.jpg,bracol,Brasil,roya,train
C:/Users/napop/leaf-plate-data/bracol/coffee-datasets/coffee-datasets/leaf/images/1125.jpg,bracol,Brasil,roya,train
C:/Users/napop/leaf-plate-data/bracol/coffee-datasets/coffee-datasets/leaf/images/1705.jpg,bracol,Brasil,roya,train
C:/Users/napop/leaf-plate-data/bracol/coffee-datasets/coffee-datasets/leaf/images/1335.jpg,bracol,Brasil,roya,train
C:/Users/napop/leaf-plate-data/bracol/coffee-datasets/coffee-datasets/leaf/images/1717.jpg,bracol,Brasil,roya,train
C:/Users/napop/leaf-plate-data/bracol/coffee-datasets/coffee-datasets/leaf/images/636.jpg,bracol,Brasil,roya,train
C:/Users/napop/leaf-plate-data/bracol/coffee-datasets/coffee-datasets/leaf/images/605.jpg,bracol,Brasil,roya,train
C:/Users/napop/leaf-plate-data/bracol/coffee-datasets/coffee-datasets/leaf/images/1551.jpg,bracol,Brasil,roya,train
C:/Users/napop/leaf-plate-data/bracol/coffee-datasets/coffee-datasets/leaf/images/140.jpg,bracol,Brasil,roya,train
C:/Users/napop/leaf-plate-data/bracol/coffee-datasets/coffee-datasets/leaf/images/142.jpg,bracol,Brasil,roya,train
C:/Users/napop/leaf-plate-data/bracol/coffee-datasets/coffee-datasets/leaf/images/1036.jpg,bracol,Brasil,roya,train
C:/Users/napop/leaf-plate-data/bracol/coffee-datasets/coffee-datasets/leaf/images/129.jpg,bracol,Brasil,roya,train
C:/Users/napop/leaf-plate-data/bracol/coffee-datasets/coffee-datasets/leaf/images/1524.jpg,bracol,Brasil,roya,train
C:/Users/napop/leaf-plate-data/bracol/coffee-datasets/coffee-datasets/leaf/images/1328.jpg,bracol,Brasil,roya,train
C:/Users/napop/leaf-plate-data/bracol/coffee-datasets/coffee-datasets/leaf/images/139.jpg,bracol,Brasil,roya,train
C:/Users/napop/leaf-plate-data/bracol/coffee-datasets/coffee-datasets/leaf/images/1606.jpg,bracol,Brasil,roya,train
C:/Users/napop/leaf-plate-data/bracol/coffee-datasets/coffee-datasets/leaf/images/1360.jpg,bracol,Brasil,roya,train
C:/Users/napop/leaf-plate-data/bracol/coffee-datasets/coffee-datasets/leaf/images/1568.jpg,bracol,Brasil,roya,train
C:/Users/napop/leaf-plate-data/bracol/coffee-datasets/coffee-datasets/leaf/images/1516.jpg,bracol,Brasil,roya,train
C:/Users/napop/leaf-plate-data/bracol/coffee-datasets/coffee-datasets/leaf/images/1617.jpg,bracol,Brasil,roya,train
C:/Users/napop/leaf-plate-data/bracol/coffee-datasets/coffee-datasets/leaf/images/1277.jpg,bracol,Brasil,roya,val
C:/Users/napop/leaf-plate-data/bracol/coffee-datasets/coffee-datasets/leaf/images/615.jpg,bracol,Brasil,roya,val
C:/Users/napop/leaf-plate-data/bracol/coffee-datasets/coffee-datasets/leaf/images/1315.jpg,bracol,Brasil,roya,val
C:/Users/napop/leaf-plate-data/bracol/coffee-datasets/coffee-datasets/leaf/images/1285.jpg,bracol,Brasil,roya,val
C:/Users/napop/leaf-plate-data/bracol/coffee-datasets/coffee-datasets/leaf/images/151.jpg,bracol,Brasil,roya,val
C:/Users/napop/leaf-plate-data/bracol/coffee-datasets/coffee-datasets/leaf/images/126.jpg,bracol,Brasil,roya,val
C:/Users/napop/leaf-plate-data/bracol/coffee-datasets/coffee-datasets/leaf/images/1428.jpg,bracol,Brasil,roya,val
C:/Users/napop/leaf-plate-data/bracol/coffee-datasets/coffee-datasets/leaf/images/1635.jpg,bracol,Brasil,roya,val
C:/Users/napop/leaf-plate-data/bracol/coffee-datasets/coffee-datasets/leaf/images/1369.jpg,bracol,Brasil,roya,val
C:/Users/napop/leaf-plate-data/bracol/coffee-datasets/coffee-datasets/leaf/images/1442.jpg,bracol,Brasil,roya,val
C:/Users/napop/leaf-plate-data/bracol/coffee-datasets/coffee-datasets/leaf/images/1298.jpg,bracol,Brasil,roya,val
C:/Users/napop/leaf-plate-data/bracol/coffee-datasets/coffee-datasets/leaf/images/1626.jpg,bracol,Brasil,roya,val
C:/Users/napop/leaf-plate-data/bracol/coffee-datasets/coffee-datasets/leaf/images/558.jpg,bracol,Brasil,roya,val
C:/Users/napop/leaf-plate-data/bracol/coffee-datasets/coffee-datasets/leaf/images/1475.jpg,bracol,Brasil,roya,val
C:/Users/napop/leaf-plate-data/bracol/coffee-datasets/coffee-datasets/leaf/images/1292.jpg,bracol,Brasil,roya,val
C:/Users/napop/leaf-plate-data/bracol/coffee-datasets/coffee-datasets/leaf/images/621.jpg,bracol,Brasil,roya,val
C:/Users/napop/leaf-plate-data/bracol/coffee-datasets/coffee-datasets/leaf/images/1270.jpg,bracol,Brasil,roya,val
C:/Users/napop/leaf-plate-data/bracol/coffee-datasets/coffee-datasets/leaf/images/1641.jpg,bracol,Brasil,roya,val
C:/Users/napop/leaf-plate-data/bracol/coffee-datasets/coffee-datasets/leaf/images/1273.jpg,bracol,Brasil,roya,val
C:/Users/napop/leaf-plate-data/bracol/coffee-datasets/coffee-datasets/leaf/images/1702.jpg,bracol,Brasil,roya,val
C:/Users/napop/leaf-plate-data/bracol/coffee-datasets/coffee-datasets/leaf/images/1688.jpg,bracol,Brasil,roya,val
C:/Users/napop/leaf-plate-data/bracol/coffee-datasets/coffee-datasets/leaf/images/1595.jpg,bracol,Brasil,roya,val
C:/Users/napop/leaf-plate-data/bracol/coffee-datasets/coffee-datasets/leaf/images/1517.jpg,bracol,Brasil,roya,val
C:/Users/napop/leaf-plate-data/bracol/coffee-datasets/coffee-datasets/leaf/images/1465.jpg,bracol,Brasil,roya,val
C:/Users/napop/leaf-plate-data/bracol/coffee-datasets/coffee-datasets/leaf/images/173.jpg,bracol,Brasil,roya,val
C:/Users/napop/leaf-plate-data/bracol/coffee-datasets/coffee-datasets/leaf/images/1309.jpg,bracol,Brasil,roya,val
C:/Users/napop/leaf-plate-data/bracol/coffee-datasets/coffee-datasets/leaf/images/1583.jpg,bracol,Brasil,roya,val
C:/Users/napop/leaf-plate-data/bracol/coffee-datasets/coffee-datasets/leaf/images/1734.jpg,bracol,Brasil,roya,val
C:/Users/napop/leaf-plate-data/bracol/coffee-datasets/coffee-datasets/leaf/images/1329.jpg,bracol,Brasil,roya,val
C:/Users/napop/leaf-plate-data/bracol/coffee-datasets/coffee-datasets/leaf/images/1581.jpg,bracol,Brasil,roya,val
C:/Users/napop/leaf-plate-data/bracol/coffee-datasets/coffee-datasets/leaf/images/1326.jpg,bracol,Brasil,roya,val
C:/Users/napop/leaf-plate-data/bracol/coffee-datasets/coffee-datasets/leaf/images/1349.jpg,bracol,Brasil,roya,val
C:/Users/napop/leaf-plate-data/bracol/coffee-datasets/coffee-datasets/leaf/images/1340.jpg,bracol,Brasil,roya,val
C:/Users/napop/leaf-plate-data/bracol/coffee-datasets/coffee-datasets/leaf/images/1375.jpg,bracol,Brasil,roya,val
C:/Users/napop/leaf-plate-data/bracol/coffee-datasets/coffee-datasets/leaf/images/1420.jpg,bracol,Brasil,roya,val
C:/Users/napop/leaf-plate-data/bracol/coffee-datasets/coffee-datasets/leaf/images/1457.jpg,bracol,Brasil,roya,val
C:/Users/napop/leaf-plate-data/bracol/coffee-datasets/coffee-datasets/leaf/images/1275.jpg,bracol,Brasil,roya,val
C:/Users/napop/leaf-plate-data/bracol/coffee-datasets/coffee-datasets/leaf/images/125.jpg,bracol,Brasil,roya,val
C:/Users/napop/leaf-plate-data/bracol/coffee-datasets/coffee-datasets/leaf/images/1646.jpg,bracol,Brasil,roya,val
C:/Users/napop/leaf-plate-data/bracol/coffee-datasets/coffee-datasets/leaf/images/1639.jpg,bracol,Brasil,roya,val
C:/Users/napop/leaf-plate-data/bracol/coffee-datasets/coffee-datasets/leaf/images/527.jpg,bracol,Brasil,roya,val
C:/Users/napop/leaf-plate-data/bracol/coffee-datasets/coffee-datasets/leaf/images/1668.jpg,bracol,Brasil,roya,val
C:/Users/napop/leaf-plate-data/bracol/coffee-datasets/coffee-datasets/leaf/images/1570.jpg,bracol,Brasil,roya,val
C:/Users/napop/leaf-plate-data/bracol/coffee-datasets/coffee-datasets/leaf/images/1259.jpg,bracol,Brasil,roya,val
C:/Users/napop/leaf-plate-data/bracol/coffee-datasets/coffee-datasets/leaf/images/155.jpg,bracol,Brasil,roya,val
C:/Users/napop/leaf-plate-data/bracol/coffee-datasets/coffee-datasets/leaf/images/1737.jpg,bracol,Brasil,roya,val
C:/Users/napop/leaf-plate-data/bracol/coffee-datasets/coffee-datasets/leaf/images/1419.jpg,bracol,Brasil,roya,val
C:/Users/napop/leaf-plate-data/bracol/coffee-datasets/coffee-datasets/leaf/images/1103.jpg,bracol,Brasil,roya,val
C:/Users/napop/leaf-plate-data/bracol/coffee-datasets/coffee-datasets/leaf/images/118.jpg,bracol,Brasil,roya,val
C:/Users/napop/leaf-plate-data/bracol/coffee-datasets/coffee-datasets/leaf/images/163.jpg,bracol,Brasil,roya,val
C:/Users/napop/leaf-plate-data/bracol/coffee-datasets/coffee-datasets/leaf/images/1290.jpg,bracol,Brasil,roya,val
C:/Users/napop/leaf-plate-data/bracol/coffee-datasets/coffee-datasets/leaf/images/1510.jpg,bracol,Brasil,roya,val
C:/Users/napop/leaf-plate-data/bracol/coffee-datasets/coffee-datasets/leaf/images/1515.jpg,bracol,Brasil,roya,val
C:/Users/napop/leaf-plate-data/bracol/coffee-datasets/coffee-datasets/leaf/images/1409.jpg,bracol,Brasil,roya,val
C:/Users/napop/leaf-plate-data/bracol/coffee-datasets/coffee-datasets/leaf/images/590.jpg,bracol,Brasil,roya,val
C:/Users/napop/leaf-plate-data/bracol/coffee-datasets/coffee-datasets/leaf/images/106.jpg,bracol,Brasil,roya,val
C:/Users/napop/leaf-plate-data/bracol/coffee-datasets/coffee-datasets/leaf/images/1680.jpg,bracol,Brasil,roya,val
C:/Users/napop/leaf-plate-data/bracol/coffee-datasets/coffee-datasets/leaf/images/1395.jpg,bracol,Brasil,roya,val
C:/Users/napop/leaf-plate-data/bracol/coffee-datasets/coffee-datasets/leaf/images/1284.jpg,bracol,Brasil,roya,val
C:/Users/napop/leaf-plate-data/bracol/coffee-datasets/coffee-datasets/leaf/images/1716.jpg,bracol,Brasil,roya,val
C:/Users/napop/leaf-plate-data/bracol/coffee-datasets/coffee-datasets/leaf/images/1483.jpg,bracol,Brasil,roya,val
C:/Users/napop/leaf-plate-data/bracol/coffee-datasets/coffee-datasets/leaf/images/1432.jpg,bracol,Brasil,roya,val
C:/Users/napop/leaf-plate-data/bracol/coffee-datasets/coffee-datasets/leaf/images/1332.jpg,bracol,Brasil,roya,val
C:/Users/napop/leaf-plate-data/bracol/coffee-datasets/coffee-datasets/leaf/images/132.jpg,bracol,Brasil,roya,val
C:/Users/napop/leaf-plate-data/bracol/coffee-datasets/coffee-datasets/leaf/images/1265.jpg,bracol,Brasil,roya,val
C:/Users/napop/leaf-plate-data/bracol/coffee-datasets/coffee-datasets/leaf/images/1566.jpg,bracol,Brasil,roya,val
C:/Users/napop/leaf-plate-data/bracol/coffee-datasets/coffee-datasets/leaf/images/1342.jpg,bracol,Brasil,roya,val
C:/Users/napop/leaf-plate-data/bracol/coffee-datasets/coffee-datasets/leaf/images/159.jpg,bracol,Brasil,roya,val
C:/Users/napop/leaf-plate-data/bracol/coffee-datasets/coffee-datasets/leaf/images/111.jpg,bracol,Brasil,roya,val
C:/Users/napop/leaf-plate-data/bracol/coffee-datasets/coffee-datasets/leaf/images/1233.jpg,bracol,Brasil,roya,val
C:/Users/napop/leaf-plate-data/bracol/coffee-datasets/coffee-datasets/leaf/images/586.jpg,bracol,Brasil,roya,test
C:/Users/napop/leaf-plate-data/bracol/coffee-datasets/coffee-datasets/leaf/images/110.jpg,bracol,Brasil,roya,test
C:/Users/napop/leaf-plate-data/bracol/coffee-datasets/coffee-datasets/leaf/images/1337.jpg,bracol,Brasil,roya,test
C:/Users/napop/leaf-plate-data/bracol/coffee-datasets/coffee-datasets/leaf/images/1657.jpg,bracol,Brasil,roya,test
C:/Users/napop/leaf-plate-data/bracol/coffee-datasets/coffee-datasets/leaf/images/1429.jpg,bracol,Brasil,roya,test
C:/Users/napop/leaf-plate-data/bracol/coffee-datasets/coffee-datasets/leaf/images/598.jpg,bracol,Brasil,roya,test
C:/Users/napop/leaf-plate-data/bracol/coffee-datasets/coffee-datasets/leaf/images/681.jpg,bracol,Brasil,roya,test
C:/Users/napop/leaf-plate-data/bracol/coffee-datasets/coffee-datasets/leaf/images/1534.jpg,bracol,Brasil,roya,test
C:/Users/napop/leaf-plate-data/bracol/coffee-datasets/coffee-datasets/leaf/images/1402.jpg,bracol,Brasil,roya,test
C:/Users/napop/leaf-plate-data/bracol/coffee-datasets/coffee-datasets/leaf/images/522.jpg,bracol,Brasil,roya,test
C:/Users/napop/leaf-plate-data/bracol/coffee-datasets/coffee-datasets/leaf/images/114.jpg,bracol,Brasil,roya,test
C:/Users/napop/leaf-plate-data/bracol/coffee-datasets/coffee-datasets/leaf/images/1391.jpg,bracol,Brasil,roya,test
C:/Users/napop/leaf-plate-data/bracol/coffee-datasets/coffee-datasets/leaf/images/1325.jpg,bracol,Brasil,roya,test
C:/Users/napop/leaf-plate-data/bracol/coffee-datasets/coffee-datasets/leaf/images/1345.jpg,bracol,Brasil,roya,test
C:/Users/napop/leaf-plate-data/bracol/coffee-datasets/coffee-datasets/leaf/images/1647.jpg,bracol,Brasil,roya,test
C:/Users/napop/leaf-plate-data/bracol/coffee-datasets/coffee-datasets/leaf/images/1022.jpg,bracol,Brasil,roya,test
C:/Users/napop/leaf-plate-data/bracol/coffee-datasets/coffee-datasets/leaf/images/1627.jpg,bracol,Brasil,roya,test
C:/Users/napop/leaf-plate-data/bracol/coffee-datasets/coffee-datasets/leaf/images/1287.jpg,bracol,Brasil,roya,test
C:/Users/napop/leaf-plate-data/bracol/coffee-datasets/coffee-datasets/leaf/images/1712.jpg,bracol,Brasil,roya,test
C:/Users/napop/leaf-plate-data/bracol/coffee-datasets/coffee-datasets/leaf/images/1408.jpg,bracol,Brasil,roya,test
C:/Users/napop/leaf-plate-data/bracol/coffee-datasets/coffee-datasets/leaf/images/1373.jpg,bracol,Brasil,roya,test
C:/Users/napop/leaf-plate-data/bracol/coffee-datasets/coffee-datasets/leaf/images/1652.jpg,bracol,Brasil,roya,test
C:/Users/napop/leaf-plate-data/bracol/coffee-datasets/coffee-datasets/leaf/images/1365.jpg,bracol,Brasil,roya,test
C:/Users/napop/leaf-plate-data/bracol/coffee-datasets/coffee-datasets/leaf/images/100.jpg,bracol,Brasil,roya,test
C:/Users/napop/leaf-plate-data/bracol/coffee-datasets/coffee-datasets/leaf/images/1368.jpg,bracol,Brasil,roya,test
C:/Users/napop/leaf-plate-data/bracol/coffee-datasets/coffee-datasets/leaf/images/1241.jpg,bracol,Brasil,roya,test
C:/Users/napop/leaf-plate-data/bracol/coffee-datasets/coffee-datasets/leaf/images/1359.jpg,bracol,Brasil,roya,test
C:/Users/napop/leaf-plate-data/bracol/coffee-datasets/coffee-datasets/leaf/images/1396.jpg,bracol,Brasil,roya,test
C:/Users/napop/leaf-plate-data/bracol/coffee-datasets/coffee-datasets/leaf/images/1376.jpg,bracol,Brasil,roya,test
C:/Users/napop/leaf-plate-data/bracol/coffee-datasets/coffee-datasets/leaf/images/1422.jpg,bracol,Brasil,roya,test
C:/Users/napop/leaf-plate-data/bracol/coffee-datasets/coffee-datasets/leaf/images/609.jpg,bracol,Brasil,roya,test
C:/Users/napop/leaf-plate-data/bracol/coffee-datasets/coffee-datasets/leaf/images/1637.jpg,bracol,Brasil,roya,test
C:/Users/napop/leaf-plate-data/bracol/coffee-datasets/coffee-datasets/leaf/images/1350.jpg,bracol,Brasil,roya,test
C:/Users/napop/leaf-plate-data/bracol/coffee-datasets/coffee-datasets/leaf/images/1413.jpg,bracol,Brasil,roya,test
C:/Users/napop/leaf-plate-data/bracol/coffee-datasets/coffee-datasets/leaf/images/650.jpg,bracol,Brasil,roya,test
C:/Users/napop/leaf-plate-data/bracol/coffee-datasets/coffee-datasets/leaf/images/1602.jpg,bracol,Brasil,roya,test
C:/Users/napop/leaf-plate-data/bracol/coffee-datasets/coffee-datasets/leaf/images/147.jpg,bracol,Brasil,roya,test
C:/Users/napop/leaf-plate-data/bracol/coffee-datasets/coffee-datasets/leaf/images/1008.jpg,bracol,Brasil,roya,test
C:/Users/napop/leaf-plate-data/bracol/coffee-datasets/coffee-datasets/leaf/images/127.jpg,bracol,Brasil,roya,test
C:/Users/napop/leaf-plate-data/bracol/coffee-datasets/coffee-datasets/leaf/images/105.jpg,bracol,Brasil,roya,test
C:/Users/napop/leaf-plate-data/bracol/coffee-datasets/coffee-datasets/leaf/images/1406.jpg,bracol,Brasil,roya,test
C:/Users/napop/leaf-plate-data/bracol/coffee-datasets/coffee-datasets/leaf/images/1466.jpg,bracol,Brasil,roya,test
C:/Users/napop/leaf-plate-data/bracol/coffee-datasets/coffee-datasets/leaf/images/1473.jpg,bracol,Brasil,roya,test
C:/Users/napop/leaf-plate-data/bracol/coffee-datasets/coffee-datasets/leaf/images/1304.jpg,bracol,Brasil,roya,test
C:/Users/napop/leaf-plate-data/bracol/coffee-datasets/coffee-datasets/leaf/images/1388.jpg,bracol,Brasil,roya,test
C:/Users/napop/leaf-plate-data/bracol/coffee-datasets/coffee-datasets/leaf/images/162.jpg,bracol,Brasil,roya,test
C:/Users/napop/leaf-plate-data/bracol/coffee-datasets/coffee-datasets/leaf/images/1238.jpg,bracol,Brasil,roya,test
C:/Users/napop/leaf-plate-data/bracol/coffee-datasets/coffee-datasets/leaf/images/134.jpg,bracol,Brasil,roya,test
C:/Users/napop/leaf-plate-data/bracol/coffee-datasets/coffee-datasets/leaf/images/1481.jpg,bracol,Brasil,roya,test
C:/Users/napop/leaf-plate-data/bracol/coffee-datasets/coffee-datasets/leaf/images/1563.jpg,bracol,Brasil,roya,test
C:/Users/napop/leaf-plate-data/bracol/coffee-datasets/coffee-datasets/leaf/images/665.jpg,bracol,Brasil,roya,test
C:/Users/napop/leaf-plate-data/bracol/coffee-datasets/coffee-datasets/leaf/images/1541.jpg,bracol,Brasil,roya,test
C:/Users/napop/leaf-plate-data/bracol/coffee-datasets/coffee-datasets/leaf/images/1254.jpg,bracol,Brasil,roya,test
C:/Users/napop/leaf-plate-data/bracol/coffee-datasets/coffee-datasets/leaf/images/1385.jpg,bracol,Brasil,roya,test
C:/Users/napop/leaf-plate-data/bracol/coffee-datasets/coffee-datasets/leaf/images/133.jpg,bracol,Brasil,roya,test
C:/Users/napop/leaf-plate-data/bracol/coffee-datasets/coffee-datasets/leaf/images/1493.jpg,bracol,Brasil,roya,test
C:/Users/napop/leaf-plate-data/bracol/coffee-datasets/coffee-datasets/leaf/images/1650.jpg,bracol,Brasil,roya,test
C:/Users/napop/leaf-plate-data/bracol/coffee-datasets/coffee-datasets/leaf/images/1261.jpg,bracol,Brasil,roya,test
C:/Users/napop/leaf-plate-data/bracol/coffee-datasets/coffee-datasets/leaf/images/1209.jpg,bracol,Brasil,roya,test
C:/Users/napop/leaf-plate-data/bracol/coffee-datasets/coffee-datasets/leaf/images/1530.jpg,bracol,Brasil,roya,test
C:/Users/napop/leaf-plate-data/bracol/coffee-datasets/coffee-datasets/leaf/images/1168.jpg,bracol,Brasil,roya,test
C:/Users/napop/leaf-plate-data/bracol/coffee-datasets/coffee-datasets/leaf/images/637.jpg,bracol,Brasil,roya,test
C:/Users/napop/leaf-plate-data/bracol/coffee-datasets/coffee-datasets/leaf/images/1293.jpg,bracol,Brasil,roya,test
C:/Users/napop/leaf-plate-data/bracol/coffee-datasets/coffee-datasets/leaf/images/1401.jpg,bracol,Brasil,roya,test
C:/Users/napop/leaf-plate-data/bracol/coffee-datasets/coffee-datasets/leaf/images/1334.jpg,bracol,Brasil,roya,test
C:/Users/napop/leaf-plate-data/bracol/coffee-datasets/coffee-datasets/leaf/images/1440.jpg,bracol,Brasil,roya,test
C:/Users/napop/leaf-plate-data/bracol/coffee-datasets/coffee-datasets/leaf/images/148.jpg,bracol,Brasil,roya,test
C:/Users/napop/leaf-plate-data/bracol/coffee-datasets/coffee-datasets/leaf/images/171.jpg,bracol,Brasil,roya,test
C:/Users/napop/leaf-plate-data/bracol/coffee-datasets/coffee-datasets/leaf/images/117.jpg,bracol,Brasil,roya,test
C:/Users/napop/leaf-plate-data/bracol/coffee-datasets/coffee-datasets/leaf/images/1089.jpg,bracol,Brasil,sana,train
C:/Users/napop/leaf-plate-data/bracol/coffee-datasets/coffee-datasets/leaf/images/3.jpg,bracol,Brasil,sana,train
C:/Users/napop/leaf-plate-data/bracol/coffee-datasets/coffee-datasets/leaf/images/2.jpg,bracol,Brasil,sana,train
C:/Users/napop/leaf-plate-data/bracol/coffee-datasets/coffee-datasets/leaf/images/181.jpg,bracol,Brasil,sana,train
C:/Users/napop/leaf-plate-data/bracol/coffee-datasets/coffee-datasets/leaf/images/1081.jpg,bracol,Brasil,sana,train
C:/Users/napop/leaf-plate-data/bracol/coffee-datasets/coffee-datasets/leaf/images/211.jpg,bracol,Brasil,sana,train
C:/Users/napop/leaf-plate-data/bracol/coffee-datasets/coffee-datasets/leaf/images/1181.jpg,bracol,Brasil,sana,train
C:/Users/napop/leaf-plate-data/bracol/coffee-datasets/coffee-datasets/leaf/images/17.jpg,bracol,Brasil,sana,train
C:/Users/napop/leaf-plate-data/bracol/coffee-datasets/coffee-datasets/leaf/images/626.jpg,bracol,Brasil,sana,train
C:/Users/napop/leaf-plate-data/bracol/coffee-datasets/coffee-datasets/leaf/images/195.jpg,bracol,Brasil,sana,train
C:/Users/napop/leaf-plate-data/bracol/coffee-datasets/coffee-datasets/leaf/images/1201.jpg,bracol,Brasil,sana,train
C:/Users/napop/leaf-plate-data/bracol/coffee-datasets/coffee-datasets/leaf/images/1194.jpg,bracol,Brasil,sana,train
C:/Users/napop/leaf-plate-data/bracol/coffee-datasets/coffee-datasets/leaf/images/1152.jpg,bracol,Brasil,sana,train
C:/Users/napop/leaf-plate-data/bracol/coffee-datasets/coffee-datasets/leaf/images/1093.jpg,bracol,Brasil,sana,train
C:/Users/napop/leaf-plate-data/bracol/coffee-datasets/coffee-datasets/leaf/images/198.jpg,bracol,Brasil,sana,train
C:/Users/napop/leaf-plate-data/bracol/coffee-datasets/coffee-datasets/leaf/images/1198.jpg,bracol,Brasil,sana,train
C:/Users/napop/leaf-plate-data/bracol/coffee-datasets/coffee-datasets/leaf/images/667.jpg,bracol,Brasil,sana,train
C:/Users/napop/leaf-plate-data/bracol/coffee-datasets/coffee-datasets/leaf/images/674.jpg,bracol,Brasil,sana,train
C:/Users/napop/leaf-plate-data/bracol/coffee-datasets/coffee-datasets/leaf/images/1115.jpg,bracol,Brasil,sana,train
C:/Users/napop/leaf-plate-data/bracol/coffee-datasets/coffee-datasets/leaf/images/1169.jpg,bracol,Brasil,sana,train
C:/Users/napop/leaf-plate-data/bracol/coffee-datasets/coffee-datasets/leaf/images/206.jpg,bracol,Brasil,sana,train
C:/Users/napop/leaf-plate-data/bracol/coffee-datasets/coffee-datasets/leaf/images/568.jpg,bracol,Brasil,sana,train
C:/Users/napop/leaf-plate-data/bracol/coffee-datasets/coffee-datasets/leaf/images/635.jpg,bracol,Brasil,sana,train
C:/Users/napop/leaf-plate-data/bracol/coffee-datasets/coffee-datasets/leaf/images/614.jpg,bracol,Brasil,sana,train
C:/Users/napop/leaf-plate-data/bracol/coffee-datasets/coffee-datasets/leaf/images/188.jpg,bracol,Brasil,sana,train
C:/Users/napop/leaf-plate-data/bracol/coffee-datasets/coffee-datasets/leaf/images/1124.jpg,bracol,Brasil,sana,train
C:/Users/napop/leaf-plate-data/bracol/coffee-datasets/coffee-datasets/leaf/images/1084.jpg,bracol,Brasil,sana,train
C:/Users/napop/leaf-plate-data/bracol/coffee-datasets/coffee-datasets/leaf/images/201.jpg,bracol,Brasil,sana,train
C:/Users/napop/leaf-plate-data/bracol/coffee-datasets/coffee-datasets/leaf/images/185.jpg,bracol,Brasil,sana,train
C:/Users/napop/leaf-plate-data/bracol/coffee-datasets/coffee-datasets/leaf/images/578.jpg,bracol,Brasil,sana,train
C:/Users/napop/leaf-plate-data/bracol/coffee-datasets/coffee-datasets/leaf/images/18.jpg,bracol,Brasil,sana,train
C:/Users/napop/leaf-plate-data/bracol/coffee-datasets/coffee-datasets/leaf/images/1193.jpg,bracol,Brasil,sana,train
C:/Users/napop/leaf-plate-data/bracol/coffee-datasets/coffee-datasets/leaf/images/187.jpg,bracol,Brasil,sana,train
C:/Users/napop/leaf-plate-data/bracol/coffee-datasets/coffee-datasets/leaf/images/601.jpg,bracol,Brasil,sana,train
C:/Users/napop/leaf-plate-data/bracol/coffee-datasets/coffee-datasets/leaf/images/1116.jpg,bracol,Brasil,sana,train
C:/Users/napop/leaf-plate-data/bracol/coffee-datasets/coffee-datasets/leaf/images/602.jpg,bracol,Brasil,sana,train
C:/Users/napop/leaf-plate-data/bracol/coffee-datasets/coffee-datasets/leaf/images/649.jpg,bracol,Brasil,sana,train
C:/Users/napop/leaf-plate-data/bracol/coffee-datasets/coffee-datasets/leaf/images/587.jpg,bracol,Brasil,sana,train
C:/Users/napop/leaf-plate-data/bracol/coffee-datasets/coffee-datasets/leaf/images/179.jpg,bracol,Brasil,sana,train
C:/Users/napop/leaf-plate-data/bracol/coffee-datasets/coffee-datasets/leaf/images/1685.jpg,bracol,Brasil,sana,train
C:/Users/napop/leaf-plate-data/bracol/coffee-datasets/coffee-datasets/leaf/images/1683.jpg,bracol,Brasil,sana,train
C:/Users/napop/leaf-plate-data/bracol/coffee-datasets/coffee-datasets/leaf/images/183.jpg,bracol,Brasil,sana,train
C:/Users/napop/leaf-plate-data/bracol/coffee-datasets/coffee-datasets/leaf/images/565.jpg,bracol,Brasil,sana,train
C:/Users/napop/leaf-plate-data/bracol/coffee-datasets/coffee-datasets/leaf/images/209.jpg,bracol,Brasil,sana,train
C:/Users/napop/leaf-plate-data/bracol/coffee-datasets/coffee-datasets/leaf/images/1184.jpg,bracol,Brasil,sana,train
C:/Users/napop/leaf-plate-data/bracol/coffee-datasets/coffee-datasets/leaf/images/1006.jpg,bracol,Brasil,sana,train
C:/Users/napop/leaf-plate-data/bracol/coffee-datasets/coffee-datasets/leaf/images/204.jpg,bracol,Brasil,sana,train
C:/Users/napop/leaf-plate-data/bracol/coffee-datasets/coffee-datasets/leaf/images/203.jpg,bracol,Brasil,sana,train
C:/Users/napop/leaf-plate-data/bracol/coffee-datasets/coffee-datasets/leaf/images/174.jpg,bracol,Brasil,sana,train
C:/Users/napop/leaf-plate-data/bracol/coffee-datasets/coffee-datasets/leaf/images/643.jpg,bracol,Brasil,sana,train
C:/Users/napop/leaf-plate-data/bracol/coffee-datasets/coffee-datasets/leaf/images/1156.jpg,bracol,Brasil,sana,train
C:/Users/napop/leaf-plate-data/bracol/coffee-datasets/coffee-datasets/leaf/images/231.jpg,bracol,Brasil,sana,train
C:/Users/napop/leaf-plate-data/bracol/coffee-datasets/coffee-datasets/leaf/images/190.jpg,bracol,Brasil,sana,train
C:/Users/napop/leaf-plate-data/bracol/coffee-datasets/coffee-datasets/leaf/images/629.jpg,bracol,Brasil,sana,train
C:/Users/napop/leaf-plate-data/bracol/coffee-datasets/coffee-datasets/leaf/images/600.jpg,bracol,Brasil,sana,train
C:/Users/napop/leaf-plate-data/bracol/coffee-datasets/coffee-datasets/leaf/images/191.jpg,bracol,Brasil,sana,train
C:/Users/napop/leaf-plate-data/bracol/coffee-datasets/coffee-datasets/leaf/images/1048.jpg,bracol,Brasil,sana,train
C:/Users/napop/leaf-plate-data/bracol/coffee-datasets/coffee-datasets/leaf/images/177.jpg,bracol,Brasil,sana,train
C:/Users/napop/leaf-plate-data/bracol/coffee-datasets/coffee-datasets/leaf/images/685.jpg,bracol,Brasil,sana,train
C:/Users/napop/leaf-plate-data/bracol/coffee-datasets/coffee-datasets/leaf/images/170.jpg,bracol,Brasil,sana,train
C:/Users/napop/leaf-plate-data/bracol/coffee-datasets/coffee-datasets/leaf/images/613.jpg,bracol,Brasil,sana,train
C:/Users/napop/leaf-plate-data/bracol/coffee-datasets/coffee-datasets/leaf/images/1.jpg,bracol,Brasil,sana,train
C:/Users/napop/leaf-plate-data/bracol/coffee-datasets/coffee-datasets/leaf/images/175.jpg,bracol,Brasil,sana,train
C:/Users/napop/leaf-plate-data/bracol/coffee-datasets/coffee-datasets/leaf/images/208.jpg,bracol,Brasil,sana,train
C:/Users/napop/leaf-plate-data/bracol/coffee-datasets/coffee-datasets/leaf/images/15.jpg,bracol,Brasil,sana,train
C:/Users/napop/leaf-plate-data/bracol/coffee-datasets/coffee-datasets/leaf/images/193.jpg,bracol,Brasil,sana,train
C:/Users/napop/leaf-plate-data/bracol/coffee-datasets/coffee-datasets/leaf/images/1127.jpg,bracol,Brasil,sana,train
C:/Users/napop/leaf-plate-data/bracol/coffee-datasets/coffee-datasets/leaf/images/1229.jpg,bracol,Brasil,sana,train
C:/Users/napop/leaf-plate-data/bracol/coffee-datasets/coffee-datasets/leaf/images/1001.jpg,bracol,Brasil,sana,train
C:/Users/napop/leaf-plate-data/bracol/coffee-datasets/coffee-datasets/leaf/images/4.jpg,bracol,Brasil,sana,train
C:/Users/napop/leaf-plate-data/bracol/coffee-datasets/coffee-datasets/leaf/images/684.jpg,bracol,Brasil,sana,train
C:/Users/napop/leaf-plate-data/bracol/coffee-datasets/coffee-datasets/leaf/images/631.jpg,bracol,Brasil,sana,train
C:/Users/napop/leaf-plate-data/bracol/coffee-datasets/coffee-datasets/leaf/images/186.jpg,bracol,Brasil,sana,train
C:/Users/napop/leaf-plate-data/bracol/coffee-datasets/coffee-datasets/leaf/images/582.jpg,bracol,Brasil,sana,train
C:/Users/napop/leaf-plate-data/bracol/coffee-datasets/coffee-datasets/leaf/images/1047.jpg,bracol,Brasil,sana,train
C:/Users/napop/leaf-plate-data/bracol/coffee-datasets/coffee-datasets/leaf/images/1624.jpg,bracol,Brasil,sana,train
C:/Users/napop/leaf-plate-data/bracol/coffee-datasets/coffee-datasets/leaf/images/210.jpg,bracol,Brasil,sana,train
C:/Users/napop/leaf-plate-data/bracol/coffee-datasets/coffee-datasets/leaf/images/1187.jpg,bracol,Brasil,sana,train
C:/Users/napop/leaf-plate-data/bracol/coffee-datasets/coffee-datasets/leaf/images/618.jpg,bracol,Brasil,sana,train
C:/Users/napop/leaf-plate-data/bracol/coffee-datasets/coffee-datasets/leaf/images/1183.jpg,bracol,Brasil,sana,train
C:/Users/napop/leaf-plate-data/bracol/coffee-datasets/coffee-datasets/leaf/images/200.jpg,bracol,Brasil,sana,train
C:/Users/napop/leaf-plate-data/bracol/coffee-datasets/coffee-datasets/leaf/images/1110.jpg,bracol,Brasil,sana,train
C:/Users/napop/leaf-plate-data/bracol/coffee-datasets/coffee-datasets/leaf/images/1069.jpg,bracol,Brasil,sana,train
C:/Users/napop/leaf-plate-data/bracol/coffee-datasets/coffee-datasets/leaf/images/182.jpg,bracol,Brasil,sana,train
C:/Users/napop/leaf-plate-data/bracol/coffee-datasets/coffee-datasets/leaf/images/625.jpg,bracol,Brasil,sana,train
C:/Users/napop/leaf-plate-data/bracol/coffee-datasets/coffee-datasets/leaf/images/642.jpg,bracol,Brasil,sana,train
C:/Users/napop/leaf-plate-data/bracol/coffee-datasets/coffee-datasets/leaf/images/581.jpg,bracol,Brasil,sana,train
C:/Users/napop/leaf-plate-data/bracol/coffee-datasets/coffee-datasets/leaf/images/197.jpg,bracol,Brasil,sana,train
C:/Users/napop/leaf-plate-data/bracol/coffee-datasets/coffee-datasets/leaf/images/14.jpg,bracol,Brasil,sana,train
C:/Users/napop/leaf-plate-data/bracol/coffee-datasets/coffee-datasets/leaf/images/656.jpg,bracol,Brasil,sana,train
C:/Users/napop/leaf-plate-data/bracol/coffee-datasets/coffee-datasets/leaf/images/446.jpg,bracol,Brasil,sana,train
C:/Users/napop/leaf-plate-data/bracol/coffee-datasets/coffee-datasets/leaf/images/1049.jpg,bracol,Brasil,sana,train
C:/Users/napop/leaf-plate-data/bracol/coffee-datasets/coffee-datasets/leaf/images/176.jpg,bracol,Brasil,sana,train
C:/Users/napop/leaf-plate-data/bracol/coffee-datasets/coffee-datasets/leaf/images/184.jpg,bracol,Brasil,sana,train
C:/Users/napop/leaf-plate-data/bracol/coffee-datasets/coffee-datasets/leaf/images/178.jpg,bracol,Brasil,sana,train
C:/Users/napop/leaf-plate-data/bracol/coffee-datasets/coffee-datasets/leaf/images/583.jpg,bracol,Brasil,sana,train
C:/Users/napop/leaf-plate-data/bracol/coffee-datasets/coffee-datasets/leaf/images/573.jpg,bracol,Brasil,sana,train
C:/Users/napop/leaf-plate-data/bracol/coffee-datasets/coffee-datasets/leaf/images/1054.jpg,bracol,Brasil,sana,train
C:/Users/napop/leaf-plate-data/bracol/coffee-datasets/coffee-datasets/leaf/images/1196.jpg,bracol,Brasil,sana,train
C:/Users/napop/leaf-plate-data/bracol/coffee-datasets/coffee-datasets/leaf/images/616.jpg,bracol,Brasil,sana,val
C:/Users/napop/leaf-plate-data/bracol/coffee-datasets/coffee-datasets/leaf/images/1118.jpg,bracol,Brasil,sana,val
C:/Users/napop/leaf-plate-data/bracol/coffee-datasets/coffee-datasets/leaf/images/603.jpg,bracol,Brasil,sana,val
C:/Users/napop/leaf-plate-data/bracol/coffee-datasets/coffee-datasets/leaf/images/199.jpg,bracol,Brasil,sana,val
C:/Users/napop/leaf-plate-data/bracol/coffee-datasets/coffee-datasets/leaf/images/16.jpg,bracol,Brasil,sana,val
C:/Users/napop/leaf-plate-data/bracol/coffee-datasets/coffee-datasets/leaf/images/12.jpg,bracol,Brasil,sana,val
C:/Users/napop/leaf-plate-data/bracol/coffee-datasets/coffee-datasets/leaf/images/571.jpg,bracol,Brasil,sana,val
C:/Users/napop/leaf-plate-data/bracol/coffee-datasets/coffee-datasets/leaf/images/627.jpg,bracol,Brasil,sana,val
C:/Users/napop/leaf-plate-data/bracol/coffee-datasets/coffee-datasets/leaf/images/5.jpg,bracol,Brasil,sana,val
C:/Users/napop/leaf-plate-data/bracol/coffee-datasets/coffee-datasets/leaf/images/630.jpg,bracol,Brasil,sana,val
C:/Users/napop/leaf-plate-data/bracol/coffee-datasets/coffee-datasets/leaf/images/196.jpg,bracol,Brasil,sana,val
C:/Users/napop/leaf-plate-data/bracol/coffee-datasets/coffee-datasets/leaf/images/205.jpg,bracol,Brasil,sana,val
C:/Users/napop/leaf-plate-data/bracol/coffee-datasets/coffee-datasets/leaf/images/624.jpg,bracol,Brasil,sana,val
C:/Users/napop/leaf-plate-data/bracol/coffee-datasets/coffee-datasets/leaf/images/612.jpg,bracol,Brasil,sana,val
C:/Users/napop/leaf-plate-data/bracol/coffee-datasets/coffee-datasets/leaf/images/1180.jpg,bracol,Brasil,sana,val
C:/Users/napop/leaf-plate-data/bracol/coffee-datasets/coffee-datasets/leaf/images/1134.jpg,bracol,Brasil,sana,val
C:/Users/napop/leaf-plate-data/bracol/coffee-datasets/coffee-datasets/leaf/images/1037.jpg,bracol,Brasil,sana,val
C:/Users/napop/leaf-plate-data/bracol/coffee-datasets/coffee-datasets/leaf/images/11.jpg,bracol,Brasil,sana,val
C:/Users/napop/leaf-plate-data/bracol/coffee-datasets/coffee-datasets/leaf/images/1218.jpg,bracol,Brasil,sana,val
C:/Users/napop/leaf-plate-data/bracol/coffee-datasets/coffee-datasets/leaf/images/1230.jpg,bracol,Brasil,sana,val
C:/Users/napop/leaf-plate-data/bracol/coffee-datasets/coffee-datasets/leaf/images/1007.jpg,bracol,Brasil,sana,val
C:/Users/napop/leaf-plate-data/bracol/coffee-datasets/coffee-datasets/leaf/images/1151.jpg,bracol,Brasil,sana,test
C:/Users/napop/leaf-plate-data/bracol/coffee-datasets/coffee-datasets/leaf/images/1226.jpg,bracol,Brasil,sana,test
C:/Users/napop/leaf-plate-data/bracol/coffee-datasets/coffee-datasets/leaf/images/192.jpg,bracol,Brasil,sana,test
C:/Users/napop/leaf-plate-data/bracol/coffee-datasets/coffee-datasets/leaf/images/202.jpg,bracol,Brasil,sana,test
C:/Users/napop/leaf-plate-data/bracol/coffee-datasets/coffee-datasets/leaf/images/19.jpg,bracol,Brasil,sana,test
C:/Users/napop/leaf-plate-data/bracol/coffee-datasets/coffee-datasets/leaf/images/194.jpg,bracol,Brasil,sana,test
C:/Users/napop/leaf-plate-data/bracol/coffee-datasets/coffee-datasets/leaf/images/1076.jpg,bracol,Brasil,sana,test
C:/Users/napop/leaf-plate-data/bracol/coffee-datasets/coffee-datasets/leaf/images/10.jpg,bracol,Brasil,sana,test
C:/Users/napop/leaf-plate-data/bracol/coffee-datasets/coffee-datasets/leaf/images/180.jpg,bracol,Brasil,sana,test
C:/Users/napop/leaf-plate-data/bracol/coffee-datasets/coffee-datasets/leaf/images/6.jpg,bracol,Brasil,sana,test
C:/Users/napop/leaf-plate-data/bracol/coffee-datasets/coffee-datasets/leaf/images/1228.jpg,bracol,Brasil,sana,test
C:/Users/napop/leaf-plate-data/bracol/coffee-datasets/coffee-datasets/leaf/images/633.jpg,bracol,Brasil,sana,test
C:/Users/napop/leaf-plate-data/bracol/coffee-datasets/coffee-datasets/leaf/images/687.jpg,bracol,Brasil,sana,test
C:/Users/napop/leaf-plate-data/bracol/coffee-datasets/coffee-datasets/leaf/images/1105.jpg,bracol,Brasil,sana,test
C:/Users/napop/leaf-plate-data/bracol/coffee-datasets/coffee-datasets/leaf/images/1370.jpg,bracol,Brasil,sana,test
C:/Users/napop/leaf-plate-data/bracol/coffee-datasets/coffee-datasets/leaf/images/13.jpg,bracol,Brasil,sana,test
C:/Users/napop/leaf-plate-data/bracol/coffee-datasets/coffee-datasets/leaf/images/1071.jpg,bracol,Brasil,sana,test
C:/Users/napop/leaf-plate-data/bracol/coffee-datasets/coffee-datasets/leaf/images/1164.jpg,bracol,Brasil,sana,test
C:/Users/napop/leaf-plate-data/bracol/coffee-datasets/coffee-datasets/leaf/images/1742.jpg,bracol,Brasil,sana,test
C:/Users/napop/leaf-plate-data/bracol/coffee-datasets/coffee-datasets/leaf/images/189.jpg,bracol,Brasil,sana,test
C:/Users/napop/leaf-plate-data/bracol/coffee-datasets/coffee-datasets/leaf/images/1066.jpg,bracol,Brasil,sana,test
C:/Users/napop/leaf-plate-data/bracol/coffee-datasets/coffee-datasets/leaf/images/207.jpg,bracol,Brasil,sana,test
C:/Users/napop/leaf-plate-data/saposoa/Sanas/Sana 1.jpg,saposoa,Perú,sana,externo
C:/Users/napop/leaf-plate-data/saposoa/Sanas/Sana 100.jpg,saposoa,Perú,sana,externo
C:/Users/napop/leaf-plate-data/saposoa/Sanas/Sana 103.jpg,saposoa,Perú,sana,externo
C:/Users/napop/leaf-plate-data/saposoa/Sanas/Sana 104.jpg,saposoa,Perú,sana,externo
C:/Users/napop/leaf-plate-data/saposoa/Sanas/Sana 106.jpg,saposoa,Perú,sana,externo
C:/Users/napop/leaf-plate-data/saposoa/Sanas/Sana 107.jpg,saposoa,Perú,sana,externo
C:/Users/napop/leaf-plate-data/saposoa/Sanas/Sana 109.jpg,saposoa,Perú,sana,externo
C:/Users/napop/leaf-plate-data/saposoa/Sanas/Sana 110.jpg,saposoa,Perú,sana,externo
C:/Users/napop/leaf-plate-data/saposoa/Sanas/Sana 111.jpg,saposoa,Perú,sana,externo
C:/Users/napop/leaf-plate-data/saposoa/Sanas/Sana 114.jpg,saposoa,Perú,sana,externo
C:/Users/napop/leaf-plate-data/saposoa/Sanas/Sana 115.jpg,saposoa,Perú,sana,externo
C:/Users/napop/leaf-plate-data/saposoa/Sanas/Sana 118.jpg,saposoa,Perú,sana,externo
C:/Users/napop/leaf-plate-data/saposoa/Sanas/Sana 119.jpg,saposoa,Perú,sana,externo
C:/Users/napop/leaf-plate-data/saposoa/Sanas/Sana 12.jpg,saposoa,Perú,sana,externo
C:/Users/napop/leaf-plate-data/saposoa/Sanas/Sana 121.jpg,saposoa,Perú,sana,externo
C:/Users/napop/leaf-plate-data/saposoa/Sanas/Sana 122.jpg,saposoa,Perú,sana,externo
C:/Users/napop/leaf-plate-data/saposoa/Sanas/Sana 123.jpg,saposoa,Perú,sana,externo
C:/Users/napop/leaf-plate-data/saposoa/Sanas/Sana 124.jpg,saposoa,Perú,sana,externo
C:/Users/napop/leaf-plate-data/saposoa/Sanas/Sana 125.jpg,saposoa,Perú,sana,externo
C:/Users/napop/leaf-plate-data/saposoa/Sanas/Sana 127.jpg,saposoa,Perú,sana,externo
C:/Users/napop/leaf-plate-data/saposoa/Sanas/Sana 129.jpg,saposoa,Perú,sana,externo
C:/Users/napop/leaf-plate-data/saposoa/Sanas/Sana 131.jpg,saposoa,Perú,sana,externo
C:/Users/napop/leaf-plate-data/saposoa/Sanas/Sana 133.jpg,saposoa,Perú,sana,externo
C:/Users/napop/leaf-plate-data/saposoa/Sanas/Sana 135.jpg,saposoa,Perú,sana,externo
C:/Users/napop/leaf-plate-data/saposoa/Sanas/Sana 138.jpg,saposoa,Perú,sana,externo
C:/Users/napop/leaf-plate-data/saposoa/Sanas/Sana 14.jpg,saposoa,Perú,sana,externo
C:/Users/napop/leaf-plate-data/saposoa/Sanas/Sana 141.jpg,saposoa,Perú,sana,externo
C:/Users/napop/leaf-plate-data/saposoa/Sanas/Sana 143.jpg,saposoa,Perú,sana,externo
C:/Users/napop/leaf-plate-data/saposoa/Sanas/Sana 144.jpg,saposoa,Perú,sana,externo
C:/Users/napop/leaf-plate-data/saposoa/Sanas/Sana 147.jpg,saposoa,Perú,sana,externo
C:/Users/napop/leaf-plate-data/saposoa/Sanas/Sana 148.jpg,saposoa,Perú,sana,externo
C:/Users/napop/leaf-plate-data/saposoa/Sanas/Sana 15.jpg,saposoa,Perú,sana,externo
C:/Users/napop/leaf-plate-data/saposoa/Sanas/Sana 154.jpg,saposoa,Perú,sana,externo
C:/Users/napop/leaf-plate-data/saposoa/Sanas/Sana 155.jpg,saposoa,Perú,sana,externo
C:/Users/napop/leaf-plate-data/saposoa/Sanas/Sana 156.jpg,saposoa,Perú,sana,externo
C:/Users/napop/leaf-plate-data/saposoa/Sanas/Sana 157.jpg,saposoa,Perú,sana,externo
C:/Users/napop/leaf-plate-data/saposoa/Sanas/Sana 161.jpg,saposoa,Perú,sana,externo
C:/Users/napop/leaf-plate-data/saposoa/Sanas/Sana 163.jpg,saposoa,Perú,sana,externo
C:/Users/napop/leaf-plate-data/saposoa/Sanas/Sana 169.jpg,saposoa,Perú,sana,externo
C:/Users/napop/leaf-plate-data/saposoa/Sanas/Sana 173.jpg,saposoa,Perú,sana,externo
C:/Users/napop/leaf-plate-data/saposoa/Sanas/Sana 177.jpg,saposoa,Perú,sana,externo
C:/Users/napop/leaf-plate-data/saposoa/Sanas/Sana 178.jpg,saposoa,Perú,sana,externo
C:/Users/napop/leaf-plate-data/saposoa/Sanas/Sana 18.jpg,saposoa,Perú,sana,externo
C:/Users/napop/leaf-plate-data/saposoa/Sanas/Sana 183.jpg,saposoa,Perú,sana,externo
C:/Users/napop/leaf-plate-data/saposoa/Sanas/Sana 187.jpg,saposoa,Perú,sana,externo
C:/Users/napop/leaf-plate-data/saposoa/Sanas/Sana 188.jpg,saposoa,Perú,sana,externo
C:/Users/napop/leaf-plate-data/saposoa/Sanas/Sana 19.jpg,saposoa,Perú,sana,externo
C:/Users/napop/leaf-plate-data/saposoa/Sanas/Sana 191.jpg,saposoa,Perú,sana,externo
C:/Users/napop/leaf-plate-data/saposoa/Sanas/Sana 192.jpg,saposoa,Perú,sana,externo
C:/Users/napop/leaf-plate-data/saposoa/Sanas/Sana 193.jpg,saposoa,Perú,sana,externo
C:/Users/napop/leaf-plate-data/saposoa/Sanas/Sana 194.jpg,saposoa,Perú,sana,externo
C:/Users/napop/leaf-plate-data/saposoa/Sanas/Sana 197.jpg,saposoa,Perú,sana,externo
C:/Users/napop/leaf-plate-data/saposoa/Sanas/Sana 198.jpg,saposoa,Perú,sana,externo
C:/Users/napop/leaf-plate-data/saposoa/Sanas/Sana 199.jpg,saposoa,Perú,sana,externo
C:/Users/napop/leaf-plate-data/saposoa/Sanas/Sana 20.jpg,saposoa,Perú,sana,externo
C:/Users/napop/leaf-plate-data/saposoa/Sanas/Sana 201.jpg,saposoa,Perú,sana,externo
C:/Users/napop/leaf-plate-data/saposoa/Sanas/Sana 203.jpg,saposoa,Perú,sana,externo
C:/Users/napop/leaf-plate-data/saposoa/Sanas/Sana 204.jpg,saposoa,Perú,sana,externo
C:/Users/napop/leaf-plate-data/saposoa/Sanas/Sana 205.jpg,saposoa,Perú,sana,externo
C:/Users/napop/leaf-plate-data/saposoa/Sanas/Sana 206.jpg,saposoa,Perú,sana,externo
C:/Users/napop/leaf-plate-data/saposoa/Sanas/Sana 207.jpg,saposoa,Perú,sana,externo
C:/Users/napop/leaf-plate-data/saposoa/Sanas/Sana 208.jpg,saposoa,Perú,sana,externo
C:/Users/napop/leaf-plate-data/saposoa/Sanas/Sana 214.jpg,saposoa,Perú,sana,externo
C:/Users/napop/leaf-plate-data/saposoa/Sanas/Sana 215.jpg,saposoa,Perú,sana,externo
C:/Users/napop/leaf-plate-data/saposoa/Sanas/Sana 221.jpg,saposoa,Perú,sana,externo
C:/Users/napop/leaf-plate-data/saposoa/Sanas/Sana 222.jpg,saposoa,Perú,sana,externo
C:/Users/napop/leaf-plate-data/saposoa/Sanas/Sana 223.jpg,saposoa,Perú,sana,externo
C:/Users/napop/leaf-plate-data/saposoa/Sanas/Sana 224.jpg,saposoa,Perú,sana,externo
C:/Users/napop/leaf-plate-data/saposoa/Sanas/Sana 225.jpg,saposoa,Perú,sana,externo
C:/Users/napop/leaf-plate-data/saposoa/Sanas/Sana 227.jpg,saposoa,Perú,sana,externo
C:/Users/napop/leaf-plate-data/saposoa/Sanas/Sana 229.jpg,saposoa,Perú,sana,externo
C:/Users/napop/leaf-plate-data/saposoa/Sanas/Sana 23.jpg,saposoa,Perú,sana,externo
C:/Users/napop/leaf-plate-data/saposoa/Sanas/Sana 237.jpg,saposoa,Perú,sana,externo
C:/Users/napop/leaf-plate-data/saposoa/Sanas/Sana 239.jpg,saposoa,Perú,sana,externo
C:/Users/napop/leaf-plate-data/saposoa/Sanas/Sana 240.jpg,saposoa,Perú,sana,externo
C:/Users/napop/leaf-plate-data/saposoa/Sanas/Sana 241.jpg,saposoa,Perú,sana,externo
C:/Users/napop/leaf-plate-data/saposoa/Sanas/Sana 243.jpg,saposoa,Perú,sana,externo
C:/Users/napop/leaf-plate-data/saposoa/Sanas/Sana 244.jpg,saposoa,Perú,sana,externo
C:/Users/napop/leaf-plate-data/saposoa/Sanas/Sana 245.jpg,saposoa,Perú,sana,externo
C:/Users/napop/leaf-plate-data/saposoa/Sanas/Sana 248.jpg,saposoa,Perú,sana,externo
C:/Users/napop/leaf-plate-data/saposoa/Sanas/Sana 249.jpg,saposoa,Perú,sana,externo
C:/Users/napop/leaf-plate-data/saposoa/Sanas/Sana 250.jpg,saposoa,Perú,sana,externo
C:/Users/napop/leaf-plate-data/saposoa/Sanas/Sana 251.jpg,saposoa,Perú,sana,externo
C:/Users/napop/leaf-plate-data/saposoa/Sanas/Sana 252.jpg,saposoa,Perú,sana,externo
C:/Users/napop/leaf-plate-data/saposoa/Sanas/Sana 253.jpg,saposoa,Perú,sana,externo
C:/Users/napop/leaf-plate-data/saposoa/Sanas/Sana 254.jpg,saposoa,Perú,sana,externo
C:/Users/napop/leaf-plate-data/saposoa/Sanas/Sana 255.jpg,saposoa,Perú,sana,externo
C:/Users/napop/leaf-plate-data/saposoa/Sanas/Sana 257.jpg,saposoa,Perú,sana,externo
C:/Users/napop/leaf-plate-data/saposoa/Sanas/Sana 258.jpg,saposoa,Perú,sana,externo
C:/Users/napop/leaf-plate-data/saposoa/Sanas/Sana 259.jpg,saposoa,Perú,sana,externo
C:/Users/napop/leaf-plate-data/saposoa/Sanas/Sana 260.jpg,saposoa,Perú,sana,externo
C:/Users/napop/leaf-plate-data/saposoa/Sanas/Sana 261.jpg,saposoa,Perú,sana,externo
C:/Users/napop/leaf-plate-data/saposoa/Sanas/Sana 264.jpg,saposoa,Perú,sana,externo
C:/Users/napop/leaf-plate-data/saposoa/Sanas/Sana 267.jpg,saposoa,Perú,sana,externo
C:/Users/napop/leaf-plate-data/saposoa/Sanas/Sana 268.jpg,saposoa,Perú,sana,externo
C:/Users/napop/leaf-plate-data/saposoa/Sanas/Sana 269.jpg,saposoa,Perú,sana,externo
C:/Users/napop/leaf-plate-data/saposoa/Sanas/Sana 27.jpg,saposoa,Perú,sana,externo
C:/Users/napop/leaf-plate-data/saposoa/Sanas/Sana 272.jpg,saposoa,Perú,sana,externo
C:/Users/napop/leaf-plate-data/saposoa/Sanas/Sana 275.jpg,saposoa,Perú,sana,externo
C:/Users/napop/leaf-plate-data/saposoa/Sanas/Sana 276.jpg,saposoa,Perú,sana,externo
C:/Users/napop/leaf-plate-data/saposoa/Sanas/Sana 278.jpg,saposoa,Perú,sana,externo
C:/Users/napop/leaf-plate-data/saposoa/Sanas/Sana 279.jpg,saposoa,Perú,sana,externo
C:/Users/napop/leaf-plate-data/saposoa/Sanas/Sana 288.jpg,saposoa,Perú,sana,externo
C:/Users/napop/leaf-plate-data/saposoa/Sanas/Sana 29.jpg,saposoa,Perú,sana,externo
C:/Users/napop/leaf-plate-data/saposoa/Sanas/Sana 293.jpg,saposoa,Perú,sana,externo
C:/Users/napop/leaf-plate-data/saposoa/Sanas/Sana 294.jpg,saposoa,Perú,sana,externo
C:/Users/napop/leaf-plate-data/saposoa/Sanas/Sana 295.jpg,saposoa,Perú,sana,externo
C:/Users/napop/leaf-plate-data/saposoa/Sanas/Sana 297.jpg,saposoa,Perú,sana,externo
C:/Users/napop/leaf-plate-data/saposoa/Sanas/Sana 300.jpg,saposoa,Perú,sana,externo
C:/Users/napop/leaf-plate-data/saposoa/Sanas/Sana 307.jpg,saposoa,Perú,sana,externo
C:/Users/napop/leaf-plate-data/saposoa/Sanas/Sana 308.jpg,saposoa,Perú,sana,externo
C:/Users/napop/leaf-plate-data/saposoa/Sanas/Sana 309.jpg,saposoa,Perú,sana,externo
C:/Users/napop/leaf-plate-data/saposoa/Sanas/Sana 31.jpg,saposoa,Perú,sana,externo
C:/Users/napop/leaf-plate-data/saposoa/Sanas/Sana 311.jpg,saposoa,Perú,sana,externo
C:/Users/napop/leaf-plate-data/saposoa/Sanas/Sana 312.jpg,saposoa,Perú,sana,externo
C:/Users/napop/leaf-plate-data/saposoa/Sanas/Sana 313.jpg,saposoa,Perú,sana,externo
C:/Users/napop/leaf-plate-data/saposoa/Sanas/Sana 314.jpg,saposoa,Perú,sana,externo
C:/Users/napop/leaf-plate-data/saposoa/Sanas/Sana 316.jpg,saposoa,Perú,sana,externo
C:/Users/napop/leaf-plate-data/saposoa/Sanas/Sana 32.jpg,saposoa,Perú,sana,externo
C:/Users/napop/leaf-plate-data/saposoa/Sanas/Sana 320.jpg,saposoa,Perú,sana,externo
C:/Users/napop/leaf-plate-data/saposoa/Sanas/Sana 323.jpg,saposoa,Perú,sana,externo
C:/Users/napop/leaf-plate-data/saposoa/Sanas/Sana 332.jpg,saposoa,Perú,sana,externo
C:/Users/napop/leaf-plate-data/saposoa/Sanas/Sana 339.jpg,saposoa,Perú,sana,externo
C:/Users/napop/leaf-plate-data/saposoa/Sanas/Sana 34.jpg,saposoa,Perú,sana,externo
C:/Users/napop/leaf-plate-data/saposoa/Sanas/Sana 340.jpg,saposoa,Perú,sana,externo
C:/Users/napop/leaf-plate-data/saposoa/Sanas/Sana 341.jpg,saposoa,Perú,sana,externo
C:/Users/napop/leaf-plate-data/saposoa/Sanas/Sana 342.jpg,saposoa,Perú,sana,externo
C:/Users/napop/leaf-plate-data/saposoa/Sanas/Sana 345.jpg,saposoa,Perú,sana,externo
C:/Users/napop/leaf-plate-data/saposoa/Sanas/Sana 346.jpg,saposoa,Perú,sana,externo
C:/Users/napop/leaf-plate-data/saposoa/Sanas/Sana 347.jpg,saposoa,Perú,sana,externo
C:/Users/napop/leaf-plate-data/saposoa/Sanas/Sana 349.jpg,saposoa,Perú,sana,externo
C:/Users/napop/leaf-plate-data/saposoa/Sanas/Sana 35.jpg,saposoa,Perú,sana,externo
C:/Users/napop/leaf-plate-data/saposoa/Sanas/Sana 350.jpg,saposoa,Perú,sana,externo
C:/Users/napop/leaf-plate-data/saposoa/Sanas/Sana 351.jpg,saposoa,Perú,sana,externo
C:/Users/napop/leaf-plate-data/saposoa/Sanas/Sana 352.jpg,saposoa,Perú,sana,externo
C:/Users/napop/leaf-plate-data/saposoa/Sanas/Sana 354.jpg,saposoa,Perú,sana,externo
C:/Users/napop/leaf-plate-data/saposoa/Sanas/Sana 355.jpg,saposoa,Perú,sana,externo
C:/Users/napop/leaf-plate-data/saposoa/Sanas/Sana 356.jpg,saposoa,Perú,sana,externo
C:/Users/napop/leaf-plate-data/saposoa/Sanas/Sana 359.jpg,saposoa,Perú,sana,externo
C:/Users/napop/leaf-plate-data/saposoa/Sanas/Sana 36.jpg,saposoa,Perú,sana,externo
C:/Users/napop/leaf-plate-data/saposoa/Sanas/Sana 360.jpg,saposoa,Perú,sana,externo
C:/Users/napop/leaf-plate-data/saposoa/Sanas/Sana 361.jpg,saposoa,Perú,sana,externo
C:/Users/napop/leaf-plate-data/saposoa/Sanas/Sana 365.jpg,saposoa,Perú,sana,externo
C:/Users/napop/leaf-plate-data/saposoa/Sanas/Sana 369.jpg,saposoa,Perú,sana,externo
C:/Users/napop/leaf-plate-data/saposoa/Sanas/Sana 37.jpg,saposoa,Perú,sana,externo
C:/Users/napop/leaf-plate-data/saposoa/Sanas/Sana 374.jpg,saposoa,Perú,sana,externo
C:/Users/napop/leaf-plate-data/saposoa/Sanas/Sana 375.jpg,saposoa,Perú,sana,externo
C:/Users/napop/leaf-plate-data/saposoa/Sanas/Sana 377.jpg,saposoa,Perú,sana,externo
C:/Users/napop/leaf-plate-data/saposoa/Sanas/Sana 379.jpg,saposoa,Perú,sana,externo
C:/Users/napop/leaf-plate-data/saposoa/Sanas/Sana 380.jpg,saposoa,Perú,sana,externo
C:/Users/napop/leaf-plate-data/saposoa/Sanas/Sana 382.jpg,saposoa,Perú,sana,externo
C:/Users/napop/leaf-plate-data/saposoa/Sanas/Sana 383.jpg,saposoa,Perú,sana,externo
C:/Users/napop/leaf-plate-data/saposoa/Sanas/Sana 384.jpg,saposoa,Perú,sana,externo
C:/Users/napop/leaf-plate-data/saposoa/Sanas/Sana 386.jpg,saposoa,Perú,sana,externo
C:/Users/napop/leaf-plate-data/saposoa/Sanas/Sana 387.jpg,saposoa,Perú,sana,externo
C:/Users/napop/leaf-plate-data/saposoa/Sanas/Sana 388.jpg,saposoa,Perú,sana,externo
C:/Users/napop/leaf-plate-data/saposoa/Sanas/Sana 389.jpg,saposoa,Perú,sana,externo
C:/Users/napop/leaf-plate-data/saposoa/Sanas/Sana 39.jpg,saposoa,Perú,sana,externo
C:/Users/napop/leaf-plate-data/saposoa/Sanas/Sana 392.jpg,saposoa,Perú,sana,externo
C:/Users/napop/leaf-plate-data/saposoa/Sanas/Sana 393.jpg,saposoa,Perú,sana,externo
C:/Users/napop/leaf-plate-data/saposoa/Sanas/Sana 395.jpg,saposoa,Perú,sana,externo
C:/Users/napop/leaf-plate-data/saposoa/Sanas/Sana 398.jpg,saposoa,Perú,sana,externo
C:/Users/napop/leaf-plate-data/saposoa/Sanas/Sana 399.jpg,saposoa,Perú,sana,externo
C:/Users/napop/leaf-plate-data/saposoa/Sanas/Sana 40.jpg,saposoa,Perú,sana,externo
C:/Users/napop/leaf-plate-data/saposoa/Sanas/Sana 400.jpg,saposoa,Perú,sana,externo
C:/Users/napop/leaf-plate-data/saposoa/Sanas/Sana 401.jpg,saposoa,Perú,sana,externo
C:/Users/napop/leaf-plate-data/saposoa/Sanas/Sana 403.jpg,saposoa,Perú,sana,externo
C:/Users/napop/leaf-plate-data/saposoa/Sanas/Sana 408.jpg,saposoa,Perú,sana,externo
C:/Users/napop/leaf-plate-data/saposoa/Sanas/Sana 410.jpg,saposoa,Perú,sana,externo
C:/Users/napop/leaf-plate-data/saposoa/Sanas/Sana 411.jpg,saposoa,Perú,sana,externo
C:/Users/napop/leaf-plate-data/saposoa/Sanas/Sana 413.jpg,saposoa,Perú,sana,externo
C:/Users/napop/leaf-plate-data/saposoa/Sanas/Sana 414.jpg,saposoa,Perú,sana,externo
C:/Users/napop/leaf-plate-data/saposoa/Sanas/Sana 417.jpg,saposoa,Perú,sana,externo
C:/Users/napop/leaf-plate-data/saposoa/Sanas/Sana 419.jpg,saposoa,Perú,sana,externo
C:/Users/napop/leaf-plate-data/saposoa/Sanas/Sana 420.jpg,saposoa,Perú,sana,externo
C:/Users/napop/leaf-plate-data/saposoa/Sanas/Sana 421.jpg,saposoa,Perú,sana,externo
C:/Users/napop/leaf-plate-data/saposoa/Sanas/Sana 422.jpg,saposoa,Perú,sana,externo
C:/Users/napop/leaf-plate-data/saposoa/Sanas/Sana 423.jpg,saposoa,Perú,sana,externo
C:/Users/napop/leaf-plate-data/saposoa/Sanas/Sana 425.jpg,saposoa,Perú,sana,externo
C:/Users/napop/leaf-plate-data/saposoa/Sanas/Sana 426.jpg,saposoa,Perú,sana,externo
C:/Users/napop/leaf-plate-data/saposoa/Sanas/Sana 427.jpg,saposoa,Perú,sana,externo
C:/Users/napop/leaf-plate-data/saposoa/Sanas/Sana 428.jpg,saposoa,Perú,sana,externo
C:/Users/napop/leaf-plate-data/saposoa/Sanas/Sana 43.jpg,saposoa,Perú,sana,externo
C:/Users/napop/leaf-plate-data/saposoa/Sanas/Sana 431.jpg,saposoa,Perú,sana,externo
C:/Users/napop/leaf-plate-data/saposoa/Sanas/Sana 432.jpg,saposoa,Perú,sana,externo
C:/Users/napop/leaf-plate-data/saposoa/Sanas/Sana 433.jpg,saposoa,Perú,sana,externo
C:/Users/napop/leaf-plate-data/saposoa/Sanas/Sana 435.jpg,saposoa,Perú,sana,externo
C:/Users/napop/leaf-plate-data/saposoa/Sanas/Sana 436.jpg,saposoa,Perú,sana,externo
C:/Users/napop/leaf-plate-data/saposoa/Sanas/Sana 438.jpg,saposoa,Perú,sana,externo
C:/Users/napop/leaf-plate-data/saposoa/Sanas/Sana 441.jpg,saposoa,Perú,sana,externo
C:/Users/napop/leaf-plate-data/saposoa/Sanas/Sana 442.jpg,saposoa,Perú,sana,externo
C:/Users/napop/leaf-plate-data/saposoa/Sanas/Sana 443.jpg,saposoa,Perú,sana,externo
C:/Users/napop/leaf-plate-data/saposoa/Sanas/Sana 446.jpg,saposoa,Perú,sana,externo
C:/Users/napop/leaf-plate-data/saposoa/Sanas/Sana 45.jpg,saposoa,Perú,sana,externo
C:/Users/napop/leaf-plate-data/saposoa/Sanas/Sana 452.jpg,saposoa,Perú,sana,externo
C:/Users/napop/leaf-plate-data/saposoa/Sanas/Sana 453.jpg,saposoa,Perú,sana,externo
C:/Users/napop/leaf-plate-data/saposoa/Sanas/Sana 455.jpg,saposoa,Perú,sana,externo
C:/Users/napop/leaf-plate-data/saposoa/Sanas/Sana 457.jpg,saposoa,Perú,sana,externo
C:/Users/napop/leaf-plate-data/saposoa/Sanas/Sana 46.jpg,saposoa,Perú,sana,externo
C:/Users/napop/leaf-plate-data/saposoa/Sanas/Sana 462.jpg,saposoa,Perú,sana,externo
C:/Users/napop/leaf-plate-data/saposoa/Sanas/Sana 464.jpg,saposoa,Perú,sana,externo
C:/Users/napop/leaf-plate-data/saposoa/Sanas/Sana 466.jpg,saposoa,Perú,sana,externo
C:/Users/napop/leaf-plate-data/saposoa/Sanas/Sana 467.jpg,saposoa,Perú,sana,externo
C:/Users/napop/leaf-plate-data/saposoa/Sanas/Sana 469.jpg,saposoa,Perú,sana,externo
C:/Users/napop/leaf-plate-data/saposoa/Sanas/Sana 471.jpg,saposoa,Perú,sana,externo
C:/Users/napop/leaf-plate-data/saposoa/Sanas/Sana 472.jpg,saposoa,Perú,sana,externo
C:/Users/napop/leaf-plate-data/saposoa/Sanas/Sana 473.jpg,saposoa,Perú,sana,externo
C:/Users/napop/leaf-plate-data/saposoa/Sanas/Sana 476.jpg,saposoa,Perú,sana,externo
C:/Users/napop/leaf-plate-data/saposoa/Sanas/Sana 477.jpg,saposoa,Perú,sana,externo
C:/Users/napop/leaf-plate-data/saposoa/Sanas/Sana 48.jpg,saposoa,Perú,sana,externo
C:/Users/napop/leaf-plate-data/saposoa/Sanas/Sana 481.jpg,saposoa,Perú,sana,externo
C:/Users/napop/leaf-plate-data/saposoa/Sanas/Sana 486.jpg,saposoa,Perú,sana,externo
C:/Users/napop/leaf-plate-data/saposoa/Sanas/Sana 488.jpg,saposoa,Perú,sana,externo
C:/Users/napop/leaf-plate-data/saposoa/Sanas/Sana 489.jpg,saposoa,Perú,sana,externo
C:/Users/napop/leaf-plate-data/saposoa/Sanas/Sana 490.jpg,saposoa,Perú,sana,externo
C:/Users/napop/leaf-plate-data/saposoa/Sanas/Sana 492.jpg,saposoa,Perú,sana,externo
C:/Users/napop/leaf-plate-data/saposoa/Sanas/Sana 494.jpg,saposoa,Perú,sana,externo
C:/Users/napop/leaf-plate-data/saposoa/Sanas/Sana 496.jpg,saposoa,Perú,sana,externo
C:/Users/napop/leaf-plate-data/saposoa/Sanas/Sana 498.jpg,saposoa,Perú,sana,externo
C:/Users/napop/leaf-plate-data/saposoa/Sanas/Sana 50.jpg,saposoa,Perú,sana,externo
C:/Users/napop/leaf-plate-data/saposoa/Sanas/Sana 500.jpg,saposoa,Perú,sana,externo
C:/Users/napop/leaf-plate-data/saposoa/Sanas/Sana 507.jpg,saposoa,Perú,sana,externo
C:/Users/napop/leaf-plate-data/saposoa/Sanas/Sana 509.jpg,saposoa,Perú,sana,externo
C:/Users/napop/leaf-plate-data/saposoa/Sanas/Sana 51.jpg,saposoa,Perú,sana,externo
C:/Users/napop/leaf-plate-data/saposoa/Sanas/Sana 511.jpg,saposoa,Perú,sana,externo
C:/Users/napop/leaf-plate-data/saposoa/Sanas/Sana 512.jpg,saposoa,Perú,sana,externo
C:/Users/napop/leaf-plate-data/saposoa/Sanas/Sana 513.jpg,saposoa,Perú,sana,externo
C:/Users/napop/leaf-plate-data/saposoa/Sanas/Sana 514.jpg,saposoa,Perú,sana,externo
C:/Users/napop/leaf-plate-data/saposoa/Sanas/Sana 515.jpg,saposoa,Perú,sana,externo
C:/Users/napop/leaf-plate-data/saposoa/Sanas/Sana 516.jpg,saposoa,Perú,sana,externo
C:/Users/napop/leaf-plate-data/saposoa/Sanas/Sana 519.jpg,saposoa,Perú,sana,externo
C:/Users/napop/leaf-plate-data/saposoa/Sanas/Sana 52.jpg,saposoa,Perú,sana,externo
C:/Users/napop/leaf-plate-data/saposoa/Sanas/Sana 524.jpg,saposoa,Perú,sana,externo
C:/Users/napop/leaf-plate-data/saposoa/Sanas/Sana 525.jpg,saposoa,Perú,sana,externo
C:/Users/napop/leaf-plate-data/saposoa/Sanas/Sana 526.jpg,saposoa,Perú,sana,externo
C:/Users/napop/leaf-plate-data/saposoa/Sanas/Sana 527.jpg,saposoa,Perú,sana,externo
C:/Users/napop/leaf-plate-data/saposoa/Sanas/Sana 528.jpg,saposoa,Perú,sana,externo
C:/Users/napop/leaf-plate-data/saposoa/Sanas/Sana 530.jpg,saposoa,Perú,sana,externo
C:/Users/napop/leaf-plate-data/saposoa/Sanas/Sana 531.jpg,saposoa,Perú,sana,externo
C:/Users/napop/leaf-plate-data/saposoa/Sanas/Sana 532.jpg,saposoa,Perú,sana,externo
C:/Users/napop/leaf-plate-data/saposoa/Sanas/Sana 533.jpg,saposoa,Perú,sana,externo
C:/Users/napop/leaf-plate-data/saposoa/Sanas/Sana 536.jpg,saposoa,Perú,sana,externo
C:/Users/napop/leaf-plate-data/saposoa/Sanas/Sana 537.jpg,saposoa,Perú,sana,externo
C:/Users/napop/leaf-plate-data/saposoa/Sanas/Sana 539.jpg,saposoa,Perú,sana,externo
C:/Users/napop/leaf-plate-data/saposoa/Sanas/Sana 548.jpg,saposoa,Perú,sana,externo
C:/Users/napop/leaf-plate-data/saposoa/Sanas/Sana 549.jpg,saposoa,Perú,sana,externo
C:/Users/napop/leaf-plate-data/saposoa/Sanas/Sana 55.jpg,saposoa,Perú,sana,externo
C:/Users/napop/leaf-plate-data/saposoa/Sanas/Sana 551.jpg,saposoa,Perú,sana,externo
C:/Users/napop/leaf-plate-data/saposoa/Sanas/Sana 553.jpg,saposoa,Perú,sana,externo
C:/Users/napop/leaf-plate-data/saposoa/Sanas/Sana 555.jpg,saposoa,Perú,sana,externo
C:/Users/napop/leaf-plate-data/saposoa/Sanas/Sana 556.jpg,saposoa,Perú,sana,externo
C:/Users/napop/leaf-plate-data/saposoa/Sanas/Sana 557.jpg,saposoa,Perú,sana,externo
C:/Users/napop/leaf-plate-data/saposoa/Sanas/Sana 558.jpg,saposoa,Perú,sana,externo
C:/Users/napop/leaf-plate-data/saposoa/Sanas/Sana 560.jpg,saposoa,Perú,sana,externo
C:/Users/napop/leaf-plate-data/saposoa/Sanas/Sana 565.jpg,saposoa,Perú,sana,externo
C:/Users/napop/leaf-plate-data/saposoa/Sanas/Sana 567.jpg,saposoa,Perú,sana,externo
C:/Users/napop/leaf-plate-data/saposoa/Sanas/Sana 569.jpg,saposoa,Perú,sana,externo
C:/Users/napop/leaf-plate-data/saposoa/Sanas/Sana 57.jpg,saposoa,Perú,sana,externo
C:/Users/napop/leaf-plate-data/saposoa/Sanas/Sana 571.jpg,saposoa,Perú,sana,externo
C:/Users/napop/leaf-plate-data/saposoa/Sanas/Sana 572.jpg,saposoa,Perú,sana,externo
C:/Users/napop/leaf-plate-data/saposoa/Sanas/Sana 574.jpg,saposoa,Perú,sana,externo
C:/Users/napop/leaf-plate-data/saposoa/Sanas/Sana 575.jpg,saposoa,Perú,sana,externo
C:/Users/napop/leaf-plate-data/saposoa/Sanas/Sana 576.jpg,saposoa,Perú,sana,externo
C:/Users/napop/leaf-plate-data/saposoa/Sanas/Sana 577.jpg,saposoa,Perú,sana,externo
C:/Users/napop/leaf-plate-data/saposoa/Sanas/Sana 580.jpg,saposoa,Perú,sana,externo
C:/Users/napop/leaf-plate-data/saposoa/Sanas/Sana 581.jpg,saposoa,Perú,sana,externo
C:/Users/napop/leaf-plate-data/saposoa/Sanas/Sana 582.jpg,saposoa,Perú,sana,externo
C:/Users/napop/leaf-plate-data/saposoa/Sanas/Sana 583.jpg,saposoa,Perú,sana,externo
C:/Users/napop/leaf-plate-data/saposoa/Sanas/Sana 585.jpg,saposoa,Perú,sana,externo
C:/Users/napop/leaf-plate-data/saposoa/Sanas/Sana 586.jpg,saposoa,Perú,sana,externo
C:/Users/napop/leaf-plate-data/saposoa/Sanas/Sana 588.jpg,saposoa,Perú,sana,externo
C:/Users/napop/leaf-plate-data/saposoa/Sanas/Sana 59.jpg,saposoa,Perú,sana,externo
C:/Users/napop/leaf-plate-data/saposoa/Sanas/Sana 591.jpg,saposoa,Perú,sana,externo
C:/Users/napop/leaf-plate-data/saposoa/Sanas/Sana 592.jpg,saposoa,Perú,sana,externo
C:/Users/napop/leaf-plate-data/saposoa/Sanas/Sana 594.jpg,saposoa,Perú,sana,externo
C:/Users/napop/leaf-plate-data/saposoa/Sanas/Sana 596.jpg,saposoa,Perú,sana,externo
C:/Users/napop/leaf-plate-data/saposoa/Sanas/Sana 598.jpg,saposoa,Perú,sana,externo
C:/Users/napop/leaf-plate-data/saposoa/Sanas/Sana 6.jpg,saposoa,Perú,sana,externo
C:/Users/napop/leaf-plate-data/saposoa/Sanas/Sana 60.jpg,saposoa,Perú,sana,externo
C:/Users/napop/leaf-plate-data/saposoa/Sanas/Sana 600.jpg,saposoa,Perú,sana,externo
C:/Users/napop/leaf-plate-data/saposoa/Sanas/Sana 601.jpg,saposoa,Perú,sana,externo
C:/Users/napop/leaf-plate-data/saposoa/Sanas/Sana 602.jpg,saposoa,Perú,sana,externo
C:/Users/napop/leaf-plate-data/saposoa/Sanas/Sana 603.jpg,saposoa,Perú,sana,externo
C:/Users/napop/leaf-plate-data/saposoa/Sanas/Sana 608.jpg,saposoa,Perú,sana,externo
C:/Users/napop/leaf-plate-data/saposoa/Sanas/Sana 610.jpg,saposoa,Perú,sana,externo
C:/Users/napop/leaf-plate-data/saposoa/Sanas/Sana 611.jpg,saposoa,Perú,sana,externo
C:/Users/napop/leaf-plate-data/saposoa/Sanas/Sana 614.jpg,saposoa,Perú,sana,externo
C:/Users/napop/leaf-plate-data/saposoa/Sanas/Sana 615.jpg,saposoa,Perú,sana,externo
C:/Users/napop/leaf-plate-data/saposoa/Sanas/Sana 617.jpg,saposoa,Perú,sana,externo
C:/Users/napop/leaf-plate-data/saposoa/Sanas/Sana 619.jpg,saposoa,Perú,sana,externo
C:/Users/napop/leaf-plate-data/saposoa/Sanas/Sana 62.jpg,saposoa,Perú,sana,externo
C:/Users/napop/leaf-plate-data/saposoa/Sanas/Sana 621.jpg,saposoa,Perú,sana,externo
C:/Users/napop/leaf-plate-data/saposoa/Sanas/Sana 622.jpg,saposoa,Perú,sana,externo
C:/Users/napop/leaf-plate-data/saposoa/Sanas/Sana 624.jpg,saposoa,Perú,sana,externo
C:/Users/napop/leaf-plate-data/saposoa/Sanas/Sana 626.jpg,saposoa,Perú,sana,externo
C:/Users/napop/leaf-plate-data/saposoa/Sanas/Sana 627.jpg,saposoa,Perú,sana,externo
C:/Users/napop/leaf-plate-data/saposoa/Sanas/Sana 629.jpg,saposoa,Perú,sana,externo
C:/Users/napop/leaf-plate-data/saposoa/Sanas/Sana 63.jpg,saposoa,Perú,sana,externo
C:/Users/napop/leaf-plate-data/saposoa/Sanas/Sana 632.jpg,saposoa,Perú,sana,externo
C:/Users/napop/leaf-plate-data/saposoa/Sanas/Sana 633.jpg,saposoa,Perú,sana,externo
C:/Users/napop/leaf-plate-data/saposoa/Sanas/Sana 634.jpg,saposoa,Perú,sana,externo
C:/Users/napop/leaf-plate-data/saposoa/Sanas/Sana 635.jpg,saposoa,Perú,sana,externo
C:/Users/napop/leaf-plate-data/saposoa/Sanas/Sana 636.jpg,saposoa,Perú,sana,externo
C:/Users/napop/leaf-plate-data/saposoa/Sanas/Sana 637.jpg,saposoa,Perú,sana,externo
C:/Users/napop/leaf-plate-data/saposoa/Sanas/Sana 638.jpg,saposoa,Perú,sana,externo
C:/Users/napop/leaf-plate-data/saposoa/Sanas/Sana 64.jpg,saposoa,Perú,sana,externo
C:/Users/napop/leaf-plate-data/saposoa/Sanas/Sana 643.jpg,saposoa,Perú,sana,externo
C:/Users/napop/leaf-plate-data/saposoa/Sanas/Sana 647.jpg,saposoa,Perú,sana,externo
C:/Users/napop/leaf-plate-data/saposoa/Sanas/Sana 649.jpg,saposoa,Perú,sana,externo
C:/Users/napop/leaf-plate-data/saposoa/Sanas/Sana 650.jpg,saposoa,Perú,sana,externo
C:/Users/napop/leaf-plate-data/saposoa/Sanas/Sana 651.jpg,saposoa,Perú,sana,externo
C:/Users/napop/leaf-plate-data/saposoa/Sanas/Sana 652.jpg,saposoa,Perú,sana,externo
C:/Users/napop/leaf-plate-data/saposoa/Sanas/Sana 653.jpg,saposoa,Perú,sana,externo
C:/Users/napop/leaf-plate-data/saposoa/Sanas/Sana 655.jpg,saposoa,Perú,sana,externo
C:/Users/napop/leaf-plate-data/saposoa/Sanas/Sana 656.jpg,saposoa,Perú,sana,externo
C:/Users/napop/leaf-plate-data/saposoa/Sanas/Sana 657.jpg,saposoa,Perú,sana,externo
C:/Users/napop/leaf-plate-data/saposoa/Sanas/Sana 660.jpg,saposoa,Perú,sana,externo
C:/Users/napop/leaf-plate-data/saposoa/Sanas/Sana 663.jpg,saposoa,Perú,sana,externo
C:/Users/napop/leaf-plate-data/saposoa/Sanas/Sana 667.jpg,saposoa,Perú,sana,externo
C:/Users/napop/leaf-plate-data/saposoa/Sanas/Sana 668.jpg,saposoa,Perú,sana,externo
C:/Users/napop/leaf-plate-data/saposoa/Sanas/Sana 67.jpg,saposoa,Perú,sana,externo
C:/Users/napop/leaf-plate-data/saposoa/Sanas/Sana 670.jpg,saposoa,Perú,sana,externo
C:/Users/napop/leaf-plate-data/saposoa/Sanas/Sana 671.jpg,saposoa,Perú,sana,externo
C:/Users/napop/leaf-plate-data/saposoa/Sanas/Sana 672.jpg,saposoa,Perú,sana,externo
C:/Users/napop/leaf-plate-data/saposoa/Sanas/Sana 674.jpg,saposoa,Perú,sana,externo
C:/Users/napop/leaf-plate-data/saposoa/Sanas/Sana 675.jpg,saposoa,Perú,sana,externo
C:/Users/napop/leaf-plate-data/saposoa/Sanas/Sana 677.jpg,saposoa,Perú,sana,externo
C:/Users/napop/leaf-plate-data/saposoa/Sanas/Sana 68.jpg,saposoa,Perú,sana,externo
C:/Users/napop/leaf-plate-data/saposoa/Sanas/Sana 682.jpg,saposoa,Perú,sana,externo
C:/Users/napop/leaf-plate-data/saposoa/Sanas/Sana 684.jpg,saposoa,Perú,sana,externo
C:/Users/napop/leaf-plate-data/saposoa/Sanas/Sana 685.jpg,saposoa,Perú,sana,externo
C:/Users/napop/leaf-plate-data/saposoa/Sanas/Sana 687.jpg,saposoa,Perú,sana,externo
C:/Users/napop/leaf-plate-data/saposoa/Sanas/Sana 689.jpg,saposoa,Perú,sana,externo
C:/Users/napop/leaf-plate-data/saposoa/Sanas/Sana 69.jpg,saposoa,Perú,sana,externo
C:/Users/napop/leaf-plate-data/saposoa/Sanas/Sana 691.jpg,saposoa,Perú,sana,externo
C:/Users/napop/leaf-plate-data/saposoa/Sanas/Sana 693.jpg,saposoa,Perú,sana,externo
C:/Users/napop/leaf-plate-data/saposoa/Sanas/Sana 694.jpg,saposoa,Perú,sana,externo
C:/Users/napop/leaf-plate-data/saposoa/Sanas/Sana 696.jpg,saposoa,Perú,sana,externo
C:/Users/napop/leaf-plate-data/saposoa/Sanas/Sana 697.jpg,saposoa,Perú,sana,externo
C:/Users/napop/leaf-plate-data/saposoa/Sanas/Sana 7.jpg,saposoa,Perú,sana,externo
C:/Users/napop/leaf-plate-data/saposoa/Sanas/Sana 70.jpg,saposoa,Perú,sana,externo
C:/Users/napop/leaf-plate-data/saposoa/Sanas/Sana 700.jpg,saposoa,Perú,sana,externo
C:/Users/napop/leaf-plate-data/saposoa/Sanas/Sana 701.jpg,saposoa,Perú,sana,externo
C:/Users/napop/leaf-plate-data/saposoa/Sanas/Sana 703.jpg,saposoa,Perú,sana,externo
C:/Users/napop/leaf-plate-data/saposoa/Sanas/Sana 705.jpg,saposoa,Perú,sana,externo
C:/Users/napop/leaf-plate-data/saposoa/Sanas/Sana 708.jpg,saposoa,Perú,sana,externo
C:/Users/napop/leaf-plate-data/saposoa/Sanas/Sana 711.jpg,saposoa,Perú,sana,externo
C:/Users/napop/leaf-plate-data/saposoa/Sanas/Sana 715.jpg,saposoa,Perú,sana,externo
C:/Users/napop/leaf-plate-data/saposoa/Sanas/Sana 717.jpg,saposoa,Perú,sana,externo
C:/Users/napop/leaf-plate-data/saposoa/Sanas/Sana 718.jpg,saposoa,Perú,sana,externo
C:/Users/napop/leaf-plate-data/saposoa/Sanas/Sana 72.jpg,saposoa,Perú,sana,externo
C:/Users/napop/leaf-plate-data/saposoa/Sanas/Sana 720.jpg,saposoa,Perú,sana,externo
C:/Users/napop/leaf-plate-data/saposoa/Sanas/Sana 721.jpg,saposoa,Perú,sana,externo
C:/Users/napop/leaf-plate-data/saposoa/Sanas/Sana 723.jpg,saposoa,Perú,sana,externo
C:/Users/napop/leaf-plate-data/saposoa/Sanas/Sana 725.jpg,saposoa,Perú,sana,externo
C:/Users/napop/leaf-plate-data/saposoa/Sanas/Sana 728.jpg,saposoa,Perú,sana,externo
C:/Users/napop/leaf-plate-data/saposoa/Sanas/Sana 73.jpg,saposoa,Perú,sana,externo
C:/Users/napop/leaf-plate-data/saposoa/Sanas/Sana 730.jpg,saposoa,Perú,sana,externo
C:/Users/napop/leaf-plate-data/saposoa/Sanas/Sana 731.jpg,saposoa,Perú,sana,externo
C:/Users/napop/leaf-plate-data/saposoa/Sanas/Sana 732.jpg,saposoa,Perú,sana,externo
C:/Users/napop/leaf-plate-data/saposoa/Sanas/Sana 735.jpg,saposoa,Perú,sana,externo
C:/Users/napop/leaf-plate-data/saposoa/Sanas/Sana 737.jpg,saposoa,Perú,sana,externo
C:/Users/napop/leaf-plate-data/saposoa/Sanas/Sana 739.jpg,saposoa,Perú,sana,externo
C:/Users/napop/leaf-plate-data/saposoa/Sanas/Sana 74.jpg,saposoa,Perú,sana,externo
C:/Users/napop/leaf-plate-data/saposoa/Sanas/Sana 741.jpg,saposoa,Perú,sana,externo
C:/Users/napop/leaf-plate-data/saposoa/Sanas/Sana 743.jpg,saposoa,Perú,sana,externo
C:/Users/napop/leaf-plate-data/saposoa/Sanas/Sana 745.jpg,saposoa,Perú,sana,externo
C:/Users/napop/leaf-plate-data/saposoa/Sanas/Sana 749.jpg,saposoa,Perú,sana,externo
C:/Users/napop/leaf-plate-data/saposoa/Sanas/Sana 75.jpg,saposoa,Perú,sana,externo
C:/Users/napop/leaf-plate-data/saposoa/Sanas/Sana 750.jpg,saposoa,Perú,sana,externo
C:/Users/napop/leaf-plate-data/saposoa/Sanas/Sana 752.jpg,saposoa,Perú,sana,externo
C:/Users/napop/leaf-plate-data/saposoa/Sanas/Sana 755.jpg,saposoa,Perú,sana,externo
C:/Users/napop/leaf-plate-data/saposoa/Sanas/Sana 757.jpg,saposoa,Perú,sana,externo
C:/Users/napop/leaf-plate-data/saposoa/Sanas/Sana 76.jpg,saposoa,Perú,sana,externo
C:/Users/napop/leaf-plate-data/saposoa/Sanas/Sana 761.jpg,saposoa,Perú,sana,externo
C:/Users/napop/leaf-plate-data/saposoa/Sanas/Sana 762.jpg,saposoa,Perú,sana,externo
C:/Users/napop/leaf-plate-data/saposoa/Sanas/Sana 765.jpg,saposoa,Perú,sana,externo
C:/Users/napop/leaf-plate-data/saposoa/Sanas/Sana 766.jpg,saposoa,Perú,sana,externo
C:/Users/napop/leaf-plate-data/saposoa/Sanas/Sana 77.jpg,saposoa,Perú,sana,externo
C:/Users/napop/leaf-plate-data/saposoa/Sanas/Sana 771.jpg,saposoa,Perú,sana,externo
C:/Users/napop/leaf-plate-data/saposoa/Sanas/Sana 774.jpg,saposoa,Perú,sana,externo
C:/Users/napop/leaf-plate-data/saposoa/Sanas/Sana 775.jpg,saposoa,Perú,sana,externo
C:/Users/napop/leaf-plate-data/saposoa/Sanas/Sana 776.jpg,saposoa,Perú,sana,externo
C:/Users/napop/leaf-plate-data/saposoa/Sanas/Sana 777.jpg,saposoa,Perú,sana,externo
C:/Users/napop/leaf-plate-data/saposoa/Sanas/Sana 779.jpg,saposoa,Perú,sana,externo
C:/Users/napop/leaf-plate-data/saposoa/Sanas/Sana 78.jpg,saposoa,Perú,sana,externo
C:/Users/napop/leaf-plate-data/saposoa/Sanas/Sana 781.jpg,saposoa,Perú,sana,externo
C:/Users/napop/leaf-plate-data/saposoa/Sanas/Sana 786.jpg,saposoa,Perú,sana,externo
C:/Users/napop/leaf-plate-data/saposoa/Sanas/Sana 788.jpg,saposoa,Perú,sana,externo
C:/Users/napop/leaf-plate-data/saposoa/Sanas/Sana 79.jpg,saposoa,Perú,sana,externo
C:/Users/napop/leaf-plate-data/saposoa/Sanas/Sana 790.jpg,saposoa,Perú,sana,externo
C:/Users/napop/leaf-plate-data/saposoa/Sanas/Sana 792.jpg,saposoa,Perú,sana,externo
C:/Users/napop/leaf-plate-data/saposoa/Sanas/Sana 794.jpg,saposoa,Perú,sana,externo
C:/Users/napop/leaf-plate-data/saposoa/Sanas/Sana 795.jpg,saposoa,Perú,sana,externo
C:/Users/napop/leaf-plate-data/saposoa/Sanas/Sana 80.jpg,saposoa,Perú,sana,externo
C:/Users/napop/leaf-plate-data/saposoa/Sanas/Sana 803.jpg,saposoa,Perú,sana,externo
C:/Users/napop/leaf-plate-data/saposoa/Sanas/Sana 805.jpg,saposoa,Perú,sana,externo
C:/Users/napop/leaf-plate-data/saposoa/Sanas/Sana 808.jpg,saposoa,Perú,sana,externo
C:/Users/napop/leaf-plate-data/saposoa/Sanas/Sana 809.jpg,saposoa,Perú,sana,externo
C:/Users/napop/leaf-plate-data/saposoa/Sanas/Sana 81.jpg,saposoa,Perú,sana,externo
C:/Users/napop/leaf-plate-data/saposoa/Sanas/Sana 813.jpg,saposoa,Perú,sana,externo
C:/Users/napop/leaf-plate-data/saposoa/Sanas/Sana 814.jpg,saposoa,Perú,sana,externo
C:/Users/napop/leaf-plate-data/saposoa/Sanas/Sana 816.jpg,saposoa,Perú,sana,externo
C:/Users/napop/leaf-plate-data/saposoa/Sanas/Sana 817.jpg,saposoa,Perú,sana,externo
C:/Users/napop/leaf-plate-data/saposoa/Sanas/Sana 818.jpg,saposoa,Perú,sana,externo
C:/Users/napop/leaf-plate-data/saposoa/Sanas/Sana 819.jpg,saposoa,Perú,sana,externo
C:/Users/napop/leaf-plate-data/saposoa/Sanas/Sana 820.jpg,saposoa,Perú,sana,externo
C:/Users/napop/leaf-plate-data/saposoa/Sanas/Sana 822.jpg,saposoa,Perú,sana,externo
C:/Users/napop/leaf-plate-data/saposoa/Sanas/Sana 824.jpg,saposoa,Perú,sana,externo
C:/Users/napop/leaf-plate-data/saposoa/Sanas/Sana 826.jpg,saposoa,Perú,sana,externo
C:/Users/napop/leaf-plate-data/saposoa/Sanas/Sana 827.jpg,saposoa,Perú,sana,externo
C:/Users/napop/leaf-plate-data/saposoa/Sanas/Sana 828.jpg,saposoa,Perú,sana,externo
C:/Users/napop/leaf-plate-data/saposoa/Sanas/Sana 830.jpg,saposoa,Perú,sana,externo
C:/Users/napop/leaf-plate-data/saposoa/Sanas/Sana 832.jpg,saposoa,Perú,sana,externo
C:/Users/napop/leaf-plate-data/saposoa/Sanas/Sana 837.jpg,saposoa,Perú,sana,externo
C:/Users/napop/leaf-plate-data/saposoa/Sanas/Sana 838.jpg,saposoa,Perú,sana,externo
C:/Users/napop/leaf-plate-data/saposoa/Sanas/Sana 839.jpg,saposoa,Perú,sana,externo
C:/Users/napop/leaf-plate-data/saposoa/Sanas/Sana 84.jpg,saposoa,Perú,sana,externo
C:/Users/napop/leaf-plate-data/saposoa/Sanas/Sana 841.jpg,saposoa,Perú,sana,externo
C:/Users/napop/leaf-plate-data/saposoa/Sanas/Sana 842.jpg,saposoa,Perú,sana,externo
C:/Users/napop/leaf-plate-data/saposoa/Sanas/Sana 843.jpg,saposoa,Perú,sana,externo
C:/Users/napop/leaf-plate-data/saposoa/Sanas/Sana 844.jpg,saposoa,Perú,sana,externo
C:/Users/napop/leaf-plate-data/saposoa/Sanas/Sana 845.jpg,saposoa,Perú,sana,externo
C:/Users/napop/leaf-plate-data/saposoa/Sanas/Sana 846.jpg,saposoa,Perú,sana,externo
C:/Users/napop/leaf-plate-data/saposoa/Sanas/Sana 847.jpg,saposoa,Perú,sana,externo
C:/Users/napop/leaf-plate-data/saposoa/Sanas/Sana 850.jpg,saposoa,Perú,sana,externo
C:/Users/napop/leaf-plate-data/saposoa/Sanas/Sana 853.jpg,saposoa,Perú,sana,externo
C:/Users/napop/leaf-plate-data/saposoa/Sanas/Sana 856.jpg,saposoa,Perú,sana,externo
C:/Users/napop/leaf-plate-data/saposoa/Sanas/Sana 857.jpg,saposoa,Perú,sana,externo
C:/Users/napop/leaf-plate-data/saposoa/Sanas/Sana 86.jpg,saposoa,Perú,sana,externo
C:/Users/napop/leaf-plate-data/saposoa/Sanas/Sana 860.jpg,saposoa,Perú,sana,externo
C:/Users/napop/leaf-plate-data/saposoa/Sanas/Sana 861.jpg,saposoa,Perú,sana,externo
C:/Users/napop/leaf-plate-data/saposoa/Sanas/Sana 863.jpg,saposoa,Perú,sana,externo
C:/Users/napop/leaf-plate-data/saposoa/Sanas/Sana 866.jpg,saposoa,Perú,sana,externo
C:/Users/napop/leaf-plate-data/saposoa/Sanas/Sana 869.jpg,saposoa,Perú,sana,externo
C:/Users/napop/leaf-plate-data/saposoa/Sanas/Sana 87.jpg,saposoa,Perú,sana,externo
C:/Users/napop/leaf-plate-data/saposoa/Sanas/Sana 873.jpg,saposoa,Perú,sana,externo
C:/Users/napop/leaf-plate-data/saposoa/Sanas/Sana 875.jpg,saposoa,Perú,sana,externo
C:/Users/napop/leaf-plate-data/saposoa/Sanas/Sana 876.jpg,saposoa,Perú,sana,externo
C:/Users/napop/leaf-plate-data/saposoa/Sanas/Sana 877.jpg,saposoa,Perú,sana,externo
C:/Users/napop/leaf-plate-data/saposoa/Sanas/Sana 879.jpg,saposoa,Perú,sana,externo
C:/Users/napop/leaf-plate-data/saposoa/Sanas/Sana 882.jpg,saposoa,Perú,sana,externo
C:/Users/napop/leaf-plate-data/saposoa/Sanas/Sana 886.jpg,saposoa,Perú,sana,externo
C:/Users/napop/leaf-plate-data/saposoa/Sanas/Sana 89.jpg,saposoa,Perú,sana,externo
C:/Users/napop/leaf-plate-data/saposoa/Sanas/Sana 890.jpg,saposoa,Perú,sana,externo
C:/Users/napop/leaf-plate-data/saposoa/Sanas/Sana 892.jpg,saposoa,Perú,sana,externo
C:/Users/napop/leaf-plate-data/saposoa/Sanas/Sana 894.jpg,saposoa,Perú,sana,externo
C:/Users/napop/leaf-plate-data/saposoa/Sanas/Sana 897.jpg,saposoa,Perú,sana,externo
C:/Users/napop/leaf-plate-data/saposoa/Sanas/Sana 900.jpg,saposoa,Perú,sana,externo
C:/Users/napop/leaf-plate-data/saposoa/Sanas/Sana 902.jpg,saposoa,Perú,sana,externo
C:/Users/napop/leaf-plate-data/saposoa/Sanas/Sana 903.jpg,saposoa,Perú,sana,externo
C:/Users/napop/leaf-plate-data/saposoa/Sanas/Sana 905.jpg,saposoa,Perú,sana,externo
C:/Users/napop/leaf-plate-data/saposoa/Sanas/Sana 906.jpg,saposoa,Perú,sana,externo
C:/Users/napop/leaf-plate-data/saposoa/Sanas/Sana 91.jpg,saposoa,Perú,sana,externo
C:/Users/napop/leaf-plate-data/saposoa/Sanas/Sana 910.jpg,saposoa,Perú,sana,externo
C:/Users/napop/leaf-plate-data/saposoa/Sanas/Sana 912.jpg,saposoa,Perú,sana,externo
C:/Users/napop/leaf-plate-data/saposoa/Sanas/Sana 913.jpg,saposoa,Perú,sana,externo
C:/Users/napop/leaf-plate-data/saposoa/Sanas/Sana 914.jpg,saposoa,Perú,sana,externo
C:/Users/napop/leaf-plate-data/saposoa/Sanas/Sana 917.jpg,saposoa,Perú,sana,externo
C:/Users/napop/leaf-plate-data/saposoa/Sanas/Sana 919.jpg,saposoa,Perú,sana,externo
C:/Users/napop/leaf-plate-data/saposoa/Sanas/Sana 921.jpg,saposoa,Perú,sana,externo
C:/Users/napop/leaf-plate-data/saposoa/Sanas/Sana 928.jpg,saposoa,Perú,sana,externo
C:/Users/napop/leaf-plate-data/saposoa/Sanas/Sana 931.jpg,saposoa,Perú,sana,externo
C:/Users/napop/leaf-plate-data/saposoa/Sanas/Sana 932.jpg,saposoa,Perú,sana,externo
C:/Users/napop/leaf-plate-data/saposoa/Sanas/Sana 933.jpg,saposoa,Perú,sana,externo
C:/Users/napop/leaf-plate-data/saposoa/Sanas/Sana 934.jpg,saposoa,Perú,sana,externo
C:/Users/napop/leaf-plate-data/saposoa/Sanas/Sana 935.jpg,saposoa,Perú,sana,externo
C:/Users/napop/leaf-plate-data/saposoa/Sanas/Sana 936.jpg,saposoa,Perú,sana,externo
C:/Users/napop/leaf-plate-data/saposoa/Sanas/Sana 937.jpg,saposoa,Perú,sana,externo
C:/Users/napop/leaf-plate-data/saposoa/Sanas/Sana 938.jpg,saposoa,Perú,sana,externo
C:/Users/napop/leaf-plate-data/saposoa/Sanas/Sana 939.jpg,saposoa,Perú,sana,externo
C:/Users/napop/leaf-plate-data/saposoa/Sanas/Sana 94.jpg,saposoa,Perú,sana,externo
C:/Users/napop/leaf-plate-data/saposoa/Sanas/Sana 940.jpg,saposoa,Perú,sana,externo
C:/Users/napop/leaf-plate-data/saposoa/Sanas/Sana 943.jpg,saposoa,Perú,sana,externo
C:/Users/napop/leaf-plate-data/saposoa/Sanas/Sana 950.jpg,saposoa,Perú,sana,externo
C:/Users/napop/leaf-plate-data/saposoa/Sanas/Sana 951.jpg,saposoa,Perú,sana,externo
C:/Users/napop/leaf-plate-data/saposoa/Sanas/Sana 953.jpg,saposoa,Perú,sana,externo
C:/Users/napop/leaf-plate-data/saposoa/Sanas/Sana 956.jpg,saposoa,Perú,sana,externo
C:/Users/napop/leaf-plate-data/saposoa/Sanas/Sana 957.jpg,saposoa,Perú,sana,externo
C:/Users/napop/leaf-plate-data/saposoa/Sanas/Sana 958.jpg,saposoa,Perú,sana,externo
C:/Users/napop/leaf-plate-data/saposoa/Sanas/Sana 959.jpg,saposoa,Perú,sana,externo
C:/Users/napop/leaf-plate-data/saposoa/Sanas/Sana 960.jpg,saposoa,Perú,sana,externo
C:/Users/napop/leaf-plate-data/saposoa/Sanas/Sana 962.jpg,saposoa,Perú,sana,externo
C:/Users/napop/leaf-plate-data/saposoa/Sanas/Sana 965.jpg,saposoa,Perú,sana,externo
C:/Users/napop/leaf-plate-data/saposoa/Sanas/Sana 966.jpg,saposoa,Perú,sana,externo
C:/Users/napop/leaf-plate-data/saposoa/Sanas/Sana 968.jpg,saposoa,Perú,sana,externo
C:/Users/napop/leaf-plate-data/saposoa/Sanas/Sana 97.jpg,saposoa,Perú,sana,externo
C:/Users/napop/leaf-plate-data/saposoa/Sanas/Sana 972.jpg,saposoa,Perú,sana,externo
C:/Users/napop/leaf-plate-data/saposoa/Sanas/Sana 974.jpg,saposoa,Perú,sana,externo
C:/Users/napop/leaf-plate-data/saposoa/Sanas/Sana 976.jpg,saposoa,Perú,sana,externo
C:/Users/napop/leaf-plate-data/saposoa/Sanas/Sana 977.jpg,saposoa,Perú,sana,externo
C:/Users/napop/leaf-plate-data/saposoa/Sanas/Sana 979.jpg,saposoa,Perú,sana,externo
C:/Users/napop/leaf-plate-data/saposoa/Sanas/Sana 980.jpg,saposoa,Perú,sana,externo
C:/Users/napop/leaf-plate-data/saposoa/Sanas/Sana 983.jpg,saposoa,Perú,sana,externo
C:/Users/napop/leaf-plate-data/saposoa/Sanas/Sana 987.jpg,saposoa,Perú,sana,externo
C:/Users/napop/leaf-plate-data/saposoa/Sanas/Sana 99.jpg,saposoa,Perú,sana,externo
C:/Users/napop/leaf-plate-data/saposoa/Sanas/Sana 990.jpg,saposoa,Perú,sana,externo
C:/Users/napop/leaf-plate-data/saposoa/Sanas/Sana 991.jpg,saposoa,Perú,sana,externo
C:/Users/napop/leaf-plate-data/saposoa/Sanas/Sana 993.jpg,saposoa,Perú,sana,externo
C:/Users/napop/leaf-plate-data/saposoa/Sanas/Sana 994.jpg,saposoa,Perú,sana,externo
C:/Users/napop/leaf-plate-data/saposoa/Roya/Roya 1001.jpg,saposoa,Perú,roya,externo
C:/Users/napop/leaf-plate-data/saposoa/Roya/Roya 1005.jpg,saposoa,Perú,roya,externo
C:/Users/napop/leaf-plate-data/saposoa/Roya/Roya 1010.jpg,saposoa,Perú,roya,externo
C:/Users/napop/leaf-plate-data/saposoa/Roya/Roya 1018.jpg,saposoa,Perú,roya,externo
C:/Users/napop/leaf-plate-data/saposoa/Roya/Roya 102.jpg,saposoa,Perú,roya,externo
C:/Users/napop/leaf-plate-data/saposoa/Roya/Roya 1022.jpg,saposoa,Perú,roya,externo
C:/Users/napop/leaf-plate-data/saposoa/Roya/Roya 1028.jpg,saposoa,Perú,roya,externo
C:/Users/napop/leaf-plate-data/saposoa/Roya/Roya 1030.jpg,saposoa,Perú,roya,externo
C:/Users/napop/leaf-plate-data/saposoa/Roya/Roya 1031.jpg,saposoa,Perú,roya,externo
C:/Users/napop/leaf-plate-data/saposoa/Roya/Roya 1033.jpg,saposoa,Perú,roya,externo
C:/Users/napop/leaf-plate-data/saposoa/Roya/Roya 1038.jpg,saposoa,Perú,roya,externo
C:/Users/napop/leaf-plate-data/saposoa/Roya/Roya 104.jpg,saposoa,Perú,roya,externo
C:/Users/napop/leaf-plate-data/saposoa/Roya/Roya 1040.jpg,saposoa,Perú,roya,externo
C:/Users/napop/leaf-plate-data/saposoa/Roya/Roya 1044.jpg,saposoa,Perú,roya,externo
C:/Users/napop/leaf-plate-data/saposoa/Roya/Roya 1047.jpg,saposoa,Perú,roya,externo
C:/Users/napop/leaf-plate-data/saposoa/Roya/Roya 1056.jpg,saposoa,Perú,roya,externo
C:/Users/napop/leaf-plate-data/saposoa/Roya/Roya 1057.jpg,saposoa,Perú,roya,externo
C:/Users/napop/leaf-plate-data/saposoa/Roya/Roya 106.jpg,saposoa,Perú,roya,externo
C:/Users/napop/leaf-plate-data/saposoa/Roya/Roya 1065.jpg,saposoa,Perú,roya,externo
C:/Users/napop/leaf-plate-data/saposoa/Roya/Roya 1066.jpg,saposoa,Perú,roya,externo
C:/Users/napop/leaf-plate-data/saposoa/Roya/Roya 1067.jpg,saposoa,Perú,roya,externo
C:/Users/napop/leaf-plate-data/saposoa/Roya/Roya 1070.jpg,saposoa,Perú,roya,externo
C:/Users/napop/leaf-plate-data/saposoa/Roya/Roya 1071.jpg,saposoa,Perú,roya,externo
C:/Users/napop/leaf-plate-data/saposoa/Roya/Roya 1073.jpg,saposoa,Perú,roya,externo
C:/Users/napop/leaf-plate-data/saposoa/Roya/Roya 1079.jpg,saposoa,Perú,roya,externo
C:/Users/napop/leaf-plate-data/saposoa/Roya/Roya 108.jpg,saposoa,Perú,roya,externo
C:/Users/napop/leaf-plate-data/saposoa/Roya/Roya 1089.jpg,saposoa,Perú,roya,externo
C:/Users/napop/leaf-plate-data/saposoa/Roya/Roya 1091.jpg,saposoa,Perú,roya,externo
C:/Users/napop/leaf-plate-data/saposoa/Roya/Roya 1092.jpg,saposoa,Perú,roya,externo
C:/Users/napop/leaf-plate-data/saposoa/Roya/Roya 1094.jpg,saposoa,Perú,roya,externo
C:/Users/napop/leaf-plate-data/saposoa/Roya/Roya 1096.jpg,saposoa,Perú,roya,externo
C:/Users/napop/leaf-plate-data/saposoa/Roya/Roya 1100.jpg,saposoa,Perú,roya,externo
C:/Users/napop/leaf-plate-data/saposoa/Roya/Roya 1106.jpg,saposoa,Perú,roya,externo
C:/Users/napop/leaf-plate-data/saposoa/Roya/Roya 1107.jpg,saposoa,Perú,roya,externo
C:/Users/napop/leaf-plate-data/saposoa/Roya/Roya 1108.jpg,saposoa,Perú,roya,externo
C:/Users/napop/leaf-plate-data/saposoa/Roya/Roya 1114.jpg,saposoa,Perú,roya,externo
C:/Users/napop/leaf-plate-data/saposoa/Roya/Roya 1115.jpg,saposoa,Perú,roya,externo
C:/Users/napop/leaf-plate-data/saposoa/Roya/Roya 1119.jpg,saposoa,Perú,roya,externo
C:/Users/napop/leaf-plate-data/saposoa/Roya/Roya 1120.jpg,saposoa,Perú,roya,externo
C:/Users/napop/leaf-plate-data/saposoa/Roya/Roya 1124.jpg,saposoa,Perú,roya,externo
C:/Users/napop/leaf-plate-data/saposoa/Roya/Roya 1131.jpg,saposoa,Perú,roya,externo
C:/Users/napop/leaf-plate-data/saposoa/Roya/Roya 1133.jpg,saposoa,Perú,roya,externo
C:/Users/napop/leaf-plate-data/saposoa/Roya/Roya 1142.jpg,saposoa,Perú,roya,externo
C:/Users/napop/leaf-plate-data/saposoa/Roya/Roya 1143.jpg,saposoa,Perú,roya,externo
C:/Users/napop/leaf-plate-data/saposoa/Roya/Roya 1145.jpg,saposoa,Perú,roya,externo
C:/Users/napop/leaf-plate-data/saposoa/Roya/Roya 1156.jpg,saposoa,Perú,roya,externo
C:/Users/napop/leaf-plate-data/saposoa/Roya/Roya 116.jpg,saposoa,Perú,roya,externo
C:/Users/napop/leaf-plate-data/saposoa/Roya/Roya 1163.jpg,saposoa,Perú,roya,externo
C:/Users/napop/leaf-plate-data/saposoa/Roya/Roya 1168.jpg,saposoa,Perú,roya,externo
C:/Users/napop/leaf-plate-data/saposoa/Roya/Roya 1175.jpg,saposoa,Perú,roya,externo
C:/Users/napop/leaf-plate-data/saposoa/Roya/Roya 1176.jpg,saposoa,Perú,roya,externo
C:/Users/napop/leaf-plate-data/saposoa/Roya/Roya 1179.jpg,saposoa,Perú,roya,externo
C:/Users/napop/leaf-plate-data/saposoa/Roya/Roya 1181.jpg,saposoa,Perú,roya,externo
C:/Users/napop/leaf-plate-data/saposoa/Roya/Roya 1183.jpg,saposoa,Perú,roya,externo
C:/Users/napop/leaf-plate-data/saposoa/Roya/Roya 1188.jpg,saposoa,Perú,roya,externo
C:/Users/napop/leaf-plate-data/saposoa/Roya/Roya 1189.jpg,saposoa,Perú,roya,externo
C:/Users/napop/leaf-plate-data/saposoa/Roya/Roya 1195.jpg,saposoa,Perú,roya,externo
C:/Users/napop/leaf-plate-data/saposoa/Roya/Roya 1197.jpg,saposoa,Perú,roya,externo
C:/Users/napop/leaf-plate-data/saposoa/Roya/Roya 1198.jpg,saposoa,Perú,roya,externo
C:/Users/napop/leaf-plate-data/saposoa/Roya/Roya 12.jpg,saposoa,Perú,roya,externo
C:/Users/napop/leaf-plate-data/saposoa/Roya/Roya 1202.jpg,saposoa,Perú,roya,externo
C:/Users/napop/leaf-plate-data/saposoa/Roya/Roya 1207.jpg,saposoa,Perú,roya,externo
C:/Users/napop/leaf-plate-data/saposoa/Roya/Roya 1212.jpg,saposoa,Perú,roya,externo
C:/Users/napop/leaf-plate-data/saposoa/Roya/Roya 1219.jpg,saposoa,Perú,roya,externo
C:/Users/napop/leaf-plate-data/saposoa/Roya/Roya 1220.jpg,saposoa,Perú,roya,externo
C:/Users/napop/leaf-plate-data/saposoa/Roya/Roya 1222.jpg,saposoa,Perú,roya,externo
C:/Users/napop/leaf-plate-data/saposoa/Roya/Roya 1227.jpg,saposoa,Perú,roya,externo
C:/Users/napop/leaf-plate-data/saposoa/Roya/Roya 1229.jpg,saposoa,Perú,roya,externo
C:/Users/napop/leaf-plate-data/saposoa/Roya/Roya 1230.jpg,saposoa,Perú,roya,externo
C:/Users/napop/leaf-plate-data/saposoa/Roya/Roya 1235.jpg,saposoa,Perú,roya,externo
C:/Users/napop/leaf-plate-data/saposoa/Roya/Roya 1239.jpg,saposoa,Perú,roya,externo
C:/Users/napop/leaf-plate-data/saposoa/Roya/Roya 1241.jpg,saposoa,Perú,roya,externo
C:/Users/napop/leaf-plate-data/saposoa/Roya/Roya 1242.jpg,saposoa,Perú,roya,externo
C:/Users/napop/leaf-plate-data/saposoa/Roya/Roya 1248.jpg,saposoa,Perú,roya,externo
C:/Users/napop/leaf-plate-data/saposoa/Roya/Roya 125.jpg,saposoa,Perú,roya,externo
C:/Users/napop/leaf-plate-data/saposoa/Roya/Roya 1251.jpg,saposoa,Perú,roya,externo
C:/Users/napop/leaf-plate-data/saposoa/Roya/Roya 1252.jpg,saposoa,Perú,roya,externo
C:/Users/napop/leaf-plate-data/saposoa/Roya/Roya 1253.jpg,saposoa,Perú,roya,externo
C:/Users/napop/leaf-plate-data/saposoa/Roya/Roya 1254.jpg,saposoa,Perú,roya,externo
C:/Users/napop/leaf-plate-data/saposoa/Roya/Roya 1256.jpg,saposoa,Perú,roya,externo
C:/Users/napop/leaf-plate-data/saposoa/Roya/Roya 1266.jpg,saposoa,Perú,roya,externo
C:/Users/napop/leaf-plate-data/saposoa/Roya/Roya 1270.jpg,saposoa,Perú,roya,externo
C:/Users/napop/leaf-plate-data/saposoa/Roya/Roya 1271.jpg,saposoa,Perú,roya,externo
C:/Users/napop/leaf-plate-data/saposoa/Roya/Roya 1272.jpg,saposoa,Perú,roya,externo
C:/Users/napop/leaf-plate-data/saposoa/Roya/Roya 1273.jpg,saposoa,Perú,roya,externo
C:/Users/napop/leaf-plate-data/saposoa/Roya/Roya 1276.jpg,saposoa,Perú,roya,externo
C:/Users/napop/leaf-plate-data/saposoa/Roya/Roya 1282.jpg,saposoa,Perú,roya,externo
C:/Users/napop/leaf-plate-data/saposoa/Roya/Roya 1285.jpg,saposoa,Perú,roya,externo
C:/Users/napop/leaf-plate-data/saposoa/Roya/Roya 1288.jpg,saposoa,Perú,roya,externo
C:/Users/napop/leaf-plate-data/saposoa/Roya/Roya 1290.jpg,saposoa,Perú,roya,externo
C:/Users/napop/leaf-plate-data/saposoa/Roya/Roya 1292.jpg,saposoa,Perú,roya,externo
C:/Users/napop/leaf-plate-data/saposoa/Roya/Roya 1293.jpg,saposoa,Perú,roya,externo
C:/Users/napop/leaf-plate-data/saposoa/Roya/Roya 1294.jpg,saposoa,Perú,roya,externo
C:/Users/napop/leaf-plate-data/saposoa/Roya/Roya 1299.jpg,saposoa,Perú,roya,externo
C:/Users/napop/leaf-plate-data/saposoa/Roya/Roya 130.jpg,saposoa,Perú,roya,externo
C:/Users/napop/leaf-plate-data/saposoa/Roya/Roya 1301.jpg,saposoa,Perú,roya,externo
C:/Users/napop/leaf-plate-data/saposoa/Roya/Roya 1310.jpg,saposoa,Perú,roya,externo
C:/Users/napop/leaf-plate-data/saposoa/Roya/Roya 1312.jpg,saposoa,Perú,roya,externo
C:/Users/napop/leaf-plate-data/saposoa/Roya/Roya 1317.jpg,saposoa,Perú,roya,externo
C:/Users/napop/leaf-plate-data/saposoa/Roya/Roya 1318.jpg,saposoa,Perú,roya,externo
C:/Users/napop/leaf-plate-data/saposoa/Roya/Roya 1319.jpg,saposoa,Perú,roya,externo
C:/Users/napop/leaf-plate-data/saposoa/Roya/Roya 1321.jpg,saposoa,Perú,roya,externo
C:/Users/napop/leaf-plate-data/saposoa/Roya/Roya 1324.jpg,saposoa,Perú,roya,externo
C:/Users/napop/leaf-plate-data/saposoa/Roya/Roya 1328.jpg,saposoa,Perú,roya,externo
C:/Users/napop/leaf-plate-data/saposoa/Roya/Roya 1330.jpg,saposoa,Perú,roya,externo
C:/Users/napop/leaf-plate-data/saposoa/Roya/Roya 1334.jpg,saposoa,Perú,roya,externo
C:/Users/napop/leaf-plate-data/saposoa/Roya/Roya 1336.jpg,saposoa,Perú,roya,externo
C:/Users/napop/leaf-plate-data/saposoa/Roya/Roya 1338.jpg,saposoa,Perú,roya,externo
C:/Users/napop/leaf-plate-data/saposoa/Roya/Roya 1344.jpg,saposoa,Perú,roya,externo
C:/Users/napop/leaf-plate-data/saposoa/Roya/Roya 1345.jpg,saposoa,Perú,roya,externo
C:/Users/napop/leaf-plate-data/saposoa/Roya/Roya 1346.jpg,saposoa,Perú,roya,externo
C:/Users/napop/leaf-plate-data/saposoa/Roya/Roya 1348.jpg,saposoa,Perú,roya,externo
C:/Users/napop/leaf-plate-data/saposoa/Roya/Roya 135.jpg,saposoa,Perú,roya,externo
C:/Users/napop/leaf-plate-data/saposoa/Roya/Roya 1363.jpg,saposoa,Perú,roya,externo
C:/Users/napop/leaf-plate-data/saposoa/Roya/Roya 1368.jpg,saposoa,Perú,roya,externo
C:/Users/napop/leaf-plate-data/saposoa/Roya/Roya 1376.jpg,saposoa,Perú,roya,externo
C:/Users/napop/leaf-plate-data/saposoa/Roya/Roya 1377.jpg,saposoa,Perú,roya,externo
C:/Users/napop/leaf-plate-data/saposoa/Roya/Roya 1379.jpg,saposoa,Perú,roya,externo
C:/Users/napop/leaf-plate-data/saposoa/Roya/Roya 1381.jpg,saposoa,Perú,roya,externo
C:/Users/napop/leaf-plate-data/saposoa/Roya/Roya 1382.jpg,saposoa,Perú,roya,externo
C:/Users/napop/leaf-plate-data/saposoa/Roya/Roya 1386.jpg,saposoa,Perú,roya,externo
C:/Users/napop/leaf-plate-data/saposoa/Roya/Roya 1392.jpg,saposoa,Perú,roya,externo
C:/Users/napop/leaf-plate-data/saposoa/Roya/Roya 1394.jpg,saposoa,Perú,roya,externo
C:/Users/napop/leaf-plate-data/saposoa/Roya/Roya 1409.jpg,saposoa,Perú,roya,externo
C:/Users/napop/leaf-plate-data/saposoa/Roya/Roya 1412.jpg,saposoa,Perú,roya,externo
C:/Users/napop/leaf-plate-data/saposoa/Roya/Roya 1414.jpg,saposoa,Perú,roya,externo
C:/Users/napop/leaf-plate-data/saposoa/Roya/Roya 1416.jpg,saposoa,Perú,roya,externo
C:/Users/napop/leaf-plate-data/saposoa/Roya/Roya 1418.jpg,saposoa,Perú,roya,externo
C:/Users/napop/leaf-plate-data/saposoa/Roya/Roya 1419.jpg,saposoa,Perú,roya,externo
C:/Users/napop/leaf-plate-data/saposoa/Roya/Roya 142.jpg,saposoa,Perú,roya,externo
C:/Users/napop/leaf-plate-data/saposoa/Roya/Roya 1423.jpg,saposoa,Perú,roya,externo
C:/Users/napop/leaf-plate-data/saposoa/Roya/Roya 1427.jpg,saposoa,Perú,roya,externo
C:/Users/napop/leaf-plate-data/saposoa/Roya/Roya 1448.jpg,saposoa,Perú,roya,externo
C:/Users/napop/leaf-plate-data/saposoa/Roya/Roya 1459.jpg,saposoa,Perú,roya,externo
C:/Users/napop/leaf-plate-data/saposoa/Roya/Roya 1462.jpg,saposoa,Perú,roya,externo
C:/Users/napop/leaf-plate-data/saposoa/Roya/Roya 1463.jpg,saposoa,Perú,roya,externo
C:/Users/napop/leaf-plate-data/saposoa/Roya/Roya 1464.jpg,saposoa,Perú,roya,externo
C:/Users/napop/leaf-plate-data/saposoa/Roya/Roya 1469.jpg,saposoa,Perú,roya,externo
C:/Users/napop/leaf-plate-data/saposoa/Roya/Roya 1470.jpg,saposoa,Perú,roya,externo
C:/Users/napop/leaf-plate-data/saposoa/Roya/Roya 1475.jpg,saposoa,Perú,roya,externo
C:/Users/napop/leaf-plate-data/saposoa/Roya/Roya 1476.jpg,saposoa,Perú,roya,externo
C:/Users/napop/leaf-plate-data/saposoa/Roya/Roya 1477.jpg,saposoa,Perú,roya,externo
C:/Users/napop/leaf-plate-data/saposoa/Roya/Roya 1482.jpg,saposoa,Perú,roya,externo
C:/Users/napop/leaf-plate-data/saposoa/Roya/Roya 1485.jpg,saposoa,Perú,roya,externo
C:/Users/napop/leaf-plate-data/saposoa/Roya/Roya 1492.jpg,saposoa,Perú,roya,externo
C:/Users/napop/leaf-plate-data/saposoa/Roya/Roya 1496.jpg,saposoa,Perú,roya,externo
C:/Users/napop/leaf-plate-data/saposoa/Roya/Roya 1508.jpg,saposoa,Perú,roya,externo
C:/Users/napop/leaf-plate-data/saposoa/Roya/Roya 1509.jpg,saposoa,Perú,roya,externo
C:/Users/napop/leaf-plate-data/saposoa/Roya/Roya 1514.jpg,saposoa,Perú,roya,externo
C:/Users/napop/leaf-plate-data/saposoa/Roya/Roya 1515.jpg,saposoa,Perú,roya,externo
C:/Users/napop/leaf-plate-data/saposoa/Roya/Roya 1516.jpg,saposoa,Perú,roya,externo
C:/Users/napop/leaf-plate-data/saposoa/Roya/Roya 1517.jpg,saposoa,Perú,roya,externo
C:/Users/napop/leaf-plate-data/saposoa/Roya/Roya 1519.jpg,saposoa,Perú,roya,externo
C:/Users/napop/leaf-plate-data/saposoa/Roya/Roya 1529.jpg,saposoa,Perú,roya,externo
C:/Users/napop/leaf-plate-data/saposoa/Roya/Roya 153.jpg,saposoa,Perú,roya,externo
C:/Users/napop/leaf-plate-data/saposoa/Roya/Roya 1530.jpg,saposoa,Perú,roya,externo
C:/Users/napop/leaf-plate-data/saposoa/Roya/Roya 1533.jpg,saposoa,Perú,roya,externo
C:/Users/napop/leaf-plate-data/saposoa/Roya/Roya 1556.jpg,saposoa,Perú,roya,externo
C:/Users/napop/leaf-plate-data/saposoa/Roya/Roya 1562.jpg,saposoa,Perú,roya,externo
C:/Users/napop/leaf-plate-data/saposoa/Roya/Roya 1567.jpg,saposoa,Perú,roya,externo
C:/Users/napop/leaf-plate-data/saposoa/Roya/Roya 1579.jpg,saposoa,Perú,roya,externo
C:/Users/napop/leaf-plate-data/saposoa/Roya/Roya 1583.jpg,saposoa,Perú,roya,externo
C:/Users/napop/leaf-plate-data/saposoa/Roya/Roya 1585.jpg,saposoa,Perú,roya,externo
C:/Users/napop/leaf-plate-data/saposoa/Roya/Roya 1587.jpg,saposoa,Perú,roya,externo
C:/Users/napop/leaf-plate-data/saposoa/Roya/Roya 1589.jpg,saposoa,Perú,roya,externo
C:/Users/napop/leaf-plate-data/saposoa/Roya/Roya 1595.jpg,saposoa,Perú,roya,externo
C:/Users/napop/leaf-plate-data/saposoa/Roya/Roya 1597.jpg,saposoa,Perú,roya,externo
C:/Users/napop/leaf-plate-data/saposoa/Roya/Roya 1598.jpg,saposoa,Perú,roya,externo
C:/Users/napop/leaf-plate-data/saposoa/Roya/Roya 16.jpg,saposoa,Perú,roya,externo
C:/Users/napop/leaf-plate-data/saposoa/Roya/Roya 1605.jpg,saposoa,Perú,roya,externo
C:/Users/napop/leaf-plate-data/saposoa/Roya/Roya 1608.jpg,saposoa,Perú,roya,externo
C:/Users/napop/leaf-plate-data/saposoa/Roya/Roya 1610.jpg,saposoa,Perú,roya,externo
C:/Users/napop/leaf-plate-data/saposoa/Roya/Roya 1611.jpg,saposoa,Perú,roya,externo
C:/Users/napop/leaf-plate-data/saposoa/Roya/Roya 1614.jpg,saposoa,Perú,roya,externo
C:/Users/napop/leaf-plate-data/saposoa/Roya/Roya 1618.jpg,saposoa,Perú,roya,externo
C:/Users/napop/leaf-plate-data/saposoa/Roya/Roya 1623.jpg,saposoa,Perú,roya,externo
C:/Users/napop/leaf-plate-data/saposoa/Roya/Roya 1625.jpg,saposoa,Perú,roya,externo
C:/Users/napop/leaf-plate-data/saposoa/Roya/Roya 1635.jpg,saposoa,Perú,roya,externo
C:/Users/napop/leaf-plate-data/saposoa/Roya/Roya 1638.jpg,saposoa,Perú,roya,externo
C:/Users/napop/leaf-plate-data/saposoa/Roya/Roya 1639.jpg,saposoa,Perú,roya,externo
C:/Users/napop/leaf-plate-data/saposoa/Roya/Roya 1645.jpg,saposoa,Perú,roya,externo
C:/Users/napop/leaf-plate-data/saposoa/Roya/Roya 1648.jpg,saposoa,Perú,roya,externo
C:/Users/napop/leaf-plate-data/saposoa/Roya/Roya 1653.jpg,saposoa,Perú,roya,externo
C:/Users/napop/leaf-plate-data/saposoa/Roya/Roya 1656.jpg,saposoa,Perú,roya,externo
C:/Users/napop/leaf-plate-data/saposoa/Roya/Roya 1658.jpg,saposoa,Perú,roya,externo
C:/Users/napop/leaf-plate-data/saposoa/Roya/Roya 1664.jpg,saposoa,Perú,roya,externo
C:/Users/napop/leaf-plate-data/saposoa/Roya/Roya 1665.jpg,saposoa,Perú,roya,externo
C:/Users/napop/leaf-plate-data/saposoa/Roya/Roya 1667.jpg,saposoa,Perú,roya,externo
C:/Users/napop/leaf-plate-data/saposoa/Roya/Roya 167.jpg,saposoa,Perú,roya,externo
C:/Users/napop/leaf-plate-data/saposoa/Roya/Roya 1670.jpg,saposoa,Perú,roya,externo
C:/Users/napop/leaf-plate-data/saposoa/Roya/Roya 1672.jpg,saposoa,Perú,roya,externo
C:/Users/napop/leaf-plate-data/saposoa/Roya/Roya 1673.jpg,saposoa,Perú,roya,externo
C:/Users/napop/leaf-plate-data/saposoa/Roya/Roya 1685.jpg,saposoa,Perú,roya,externo
C:/Users/napop/leaf-plate-data/saposoa/Roya/Roya 1686.jpg,saposoa,Perú,roya,externo
C:/Users/napop/leaf-plate-data/saposoa/Roya/Roya 1687.jpg,saposoa,Perú,roya,externo
C:/Users/napop/leaf-plate-data/saposoa/Roya/Roya 169.jpg,saposoa,Perú,roya,externo
C:/Users/napop/leaf-plate-data/saposoa/Roya/Roya 1690.jpg,saposoa,Perú,roya,externo
C:/Users/napop/leaf-plate-data/saposoa/Roya/Roya 1695.jpg,saposoa,Perú,roya,externo
C:/Users/napop/leaf-plate-data/saposoa/Roya/Roya 1698.jpg,saposoa,Perú,roya,externo
C:/Users/napop/leaf-plate-data/saposoa/Roya/Roya 1701.jpg,saposoa,Perú,roya,externo
C:/Users/napop/leaf-plate-data/saposoa/Roya/Roya 1704.jpg,saposoa,Perú,roya,externo
C:/Users/napop/leaf-plate-data/saposoa/Roya/Roya 1706.jpg,saposoa,Perú,roya,externo
C:/Users/napop/leaf-plate-data/saposoa/Roya/Roya 1707.jpg,saposoa,Perú,roya,externo
C:/Users/napop/leaf-plate-data/saposoa/Roya/Roya 1709.jpg,saposoa,Perú,roya,externo
C:/Users/napop/leaf-plate-data/saposoa/Roya/Roya 1710.jpg,saposoa,Perú,roya,externo
C:/Users/napop/leaf-plate-data/saposoa/Roya/Roya 1715.jpg,saposoa,Perú,roya,externo
C:/Users/napop/leaf-plate-data/saposoa/Roya/Roya 1716.jpg,saposoa,Perú,roya,externo
C:/Users/napop/leaf-plate-data/saposoa/Roya/Roya 172.jpg,saposoa,Perú,roya,externo
C:/Users/napop/leaf-plate-data/saposoa/Roya/Roya 1732.jpg,saposoa,Perú,roya,externo
C:/Users/napop/leaf-plate-data/saposoa/Roya/Roya 1739.jpg,saposoa,Perú,roya,externo
C:/Users/napop/leaf-plate-data/saposoa/Roya/Roya 1744.jpg,saposoa,Perú,roya,externo
C:/Users/napop/leaf-plate-data/saposoa/Roya/Roya 1753.jpg,saposoa,Perú,roya,externo
C:/Users/napop/leaf-plate-data/saposoa/Roya/Roya 1762.jpg,saposoa,Perú,roya,externo
C:/Users/napop/leaf-plate-data/saposoa/Roya/Roya 1763.jpg,saposoa,Perú,roya,externo
C:/Users/napop/leaf-plate-data/saposoa/Roya/Roya 177.jpg,saposoa,Perú,roya,externo
C:/Users/napop/leaf-plate-data/saposoa/Roya/Roya 1772.jpg,saposoa,Perú,roya,externo
C:/Users/napop/leaf-plate-data/saposoa/Roya/Roya 1779.jpg,saposoa,Perú,roya,externo
C:/Users/napop/leaf-plate-data/saposoa/Roya/Roya 1782.jpg,saposoa,Perú,roya,externo
C:/Users/napop/leaf-plate-data/saposoa/Roya/Roya 1785.jpg,saposoa,Perú,roya,externo
C:/Users/napop/leaf-plate-data/saposoa/Roya/Roya 1793.jpg,saposoa,Perú,roya,externo
C:/Users/napop/leaf-plate-data/saposoa/Roya/Roya 1794.jpg,saposoa,Perú,roya,externo
C:/Users/napop/leaf-plate-data/saposoa/Roya/Roya 1798.jpg,saposoa,Perú,roya,externo
C:/Users/napop/leaf-plate-data/saposoa/Roya/Roya 1801.jpg,saposoa,Perú,roya,externo
C:/Users/napop/leaf-plate-data/saposoa/Roya/Roya 1806.jpg,saposoa,Perú,roya,externo
C:/Users/napop/leaf-plate-data/saposoa/Roya/Roya 1815.jpg,saposoa,Perú,roya,externo
C:/Users/napop/leaf-plate-data/saposoa/Roya/Roya 1817.jpg,saposoa,Perú,roya,externo
C:/Users/napop/leaf-plate-data/saposoa/Roya/Roya 182.jpg,saposoa,Perú,roya,externo
C:/Users/napop/leaf-plate-data/saposoa/Roya/Roya 1820.jpg,saposoa,Perú,roya,externo
C:/Users/napop/leaf-plate-data/saposoa/Roya/Roya 1825.jpg,saposoa,Perú,roya,externo
C:/Users/napop/leaf-plate-data/saposoa/Roya/Roya 1827.jpg,saposoa,Perú,roya,externo
C:/Users/napop/leaf-plate-data/saposoa/Roya/Roya 1830.jpg,saposoa,Perú,roya,externo
C:/Users/napop/leaf-plate-data/saposoa/Roya/Roya 1834.jpg,saposoa,Perú,roya,externo
C:/Users/napop/leaf-plate-data/saposoa/Roya/Roya 1836.jpg,saposoa,Perú,roya,externo
C:/Users/napop/leaf-plate-data/saposoa/Roya/Roya 1840.jpg,saposoa,Perú,roya,externo
C:/Users/napop/leaf-plate-data/saposoa/Roya/Roya 1845.jpg,saposoa,Perú,roya,externo
C:/Users/napop/leaf-plate-data/saposoa/Roya/Roya 1849.jpg,saposoa,Perú,roya,externo
C:/Users/napop/leaf-plate-data/saposoa/Roya/Roya 1853.jpg,saposoa,Perú,roya,externo
C:/Users/napop/leaf-plate-data/saposoa/Roya/Roya 1858.jpg,saposoa,Perú,roya,externo
C:/Users/napop/leaf-plate-data/saposoa/Roya/Roya 1859.jpg,saposoa,Perú,roya,externo
C:/Users/napop/leaf-plate-data/saposoa/Roya/Roya 1860.jpg,saposoa,Perú,roya,externo
C:/Users/napop/leaf-plate-data/saposoa/Roya/Roya 1861.jpg,saposoa,Perú,roya,externo
C:/Users/napop/leaf-plate-data/saposoa/Roya/Roya 1865.jpg,saposoa,Perú,roya,externo
C:/Users/napop/leaf-plate-data/saposoa/Roya/Roya 1874.jpg,saposoa,Perú,roya,externo
C:/Users/napop/leaf-plate-data/saposoa/Roya/Roya 1875.jpg,saposoa,Perú,roya,externo
C:/Users/napop/leaf-plate-data/saposoa/Roya/Roya 1877.jpg,saposoa,Perú,roya,externo
C:/Users/napop/leaf-plate-data/saposoa/Roya/Roya 1880.jpg,saposoa,Perú,roya,externo
C:/Users/napop/leaf-plate-data/saposoa/Roya/Roya 1887.jpg,saposoa,Perú,roya,externo
C:/Users/napop/leaf-plate-data/saposoa/Roya/Roya 1895.jpg,saposoa,Perú,roya,externo
C:/Users/napop/leaf-plate-data/saposoa/Roya/Roya 1899.jpg,saposoa,Perú,roya,externo
C:/Users/napop/leaf-plate-data/saposoa/Roya/Roya 190.jpg,saposoa,Perú,roya,externo
C:/Users/napop/leaf-plate-data/saposoa/Roya/Roya 1907.jpg,saposoa,Perú,roya,externo
C:/Users/napop/leaf-plate-data/saposoa/Roya/Roya 1915.jpg,saposoa,Perú,roya,externo
C:/Users/napop/leaf-plate-data/saposoa/Roya/Roya 1917.jpg,saposoa,Perú,roya,externo
C:/Users/napop/leaf-plate-data/saposoa/Roya/Roya 1920.jpg,saposoa,Perú,roya,externo
C:/Users/napop/leaf-plate-data/saposoa/Roya/Roya 1921.jpg,saposoa,Perú,roya,externo
C:/Users/napop/leaf-plate-data/saposoa/Roya/Roya 1925.jpg,saposoa,Perú,roya,externo
C:/Users/napop/leaf-plate-data/saposoa/Roya/Roya 1928.jpg,saposoa,Perú,roya,externo
C:/Users/napop/leaf-plate-data/saposoa/Roya/Roya 1932.jpg,saposoa,Perú,roya,externo
C:/Users/napop/leaf-plate-data/saposoa/Roya/Roya 1934.jpg,saposoa,Perú,roya,externo
C:/Users/napop/leaf-plate-data/saposoa/Roya/Roya 1938.jpg,saposoa,Perú,roya,externo
C:/Users/napop/leaf-plate-data/saposoa/Roya/Roya 1952.jpg,saposoa,Perú,roya,externo
C:/Users/napop/leaf-plate-data/saposoa/Roya/Roya 1957.jpg,saposoa,Perú,roya,externo
C:/Users/napop/leaf-plate-data/saposoa/Roya/Roya 1963.jpg,saposoa,Perú,roya,externo
C:/Users/napop/leaf-plate-data/saposoa/Roya/Roya 1965.jpg,saposoa,Perú,roya,externo
C:/Users/napop/leaf-plate-data/saposoa/Roya/Roya 1975.jpg,saposoa,Perú,roya,externo
C:/Users/napop/leaf-plate-data/saposoa/Roya/Roya 1978.jpg,saposoa,Perú,roya,externo
C:/Users/napop/leaf-plate-data/saposoa/Roya/Roya 1982.jpg,saposoa,Perú,roya,externo
C:/Users/napop/leaf-plate-data/saposoa/Roya/Roya 1984.jpg,saposoa,Perú,roya,externo
C:/Users/napop/leaf-plate-data/saposoa/Roya/Roya 1986.jpg,saposoa,Perú,roya,externo
C:/Users/napop/leaf-plate-data/saposoa/Roya/Roya 1991.jpg,saposoa,Perú,roya,externo
C:/Users/napop/leaf-plate-data/saposoa/Roya/Roya 1992.jpg,saposoa,Perú,roya,externo
C:/Users/napop/leaf-plate-data/saposoa/Roya/Roya 1999.jpg,saposoa,Perú,roya,externo
C:/Users/napop/leaf-plate-data/saposoa/Roya/Roya 207.jpg,saposoa,Perú,roya,externo
C:/Users/napop/leaf-plate-data/saposoa/Roya/Roya 218.jpg,saposoa,Perú,roya,externo
C:/Users/napop/leaf-plate-data/saposoa/Roya/Roya 229.jpg,saposoa,Perú,roya,externo
C:/Users/napop/leaf-plate-data/saposoa/Roya/Roya 231.jpg,saposoa,Perú,roya,externo
C:/Users/napop/leaf-plate-data/saposoa/Roya/Roya 233.jpg,saposoa,Perú,roya,externo
C:/Users/napop/leaf-plate-data/saposoa/Roya/Roya 235.jpg,saposoa,Perú,roya,externo
C:/Users/napop/leaf-plate-data/saposoa/Roya/Roya 239.jpg,saposoa,Perú,roya,externo
C:/Users/napop/leaf-plate-data/saposoa/Roya/Roya 243.jpg,saposoa,Perú,roya,externo
C:/Users/napop/leaf-plate-data/saposoa/Roya/Roya 244.jpg,saposoa,Perú,roya,externo
C:/Users/napop/leaf-plate-data/saposoa/Roya/Roya 254.jpg,saposoa,Perú,roya,externo
C:/Users/napop/leaf-plate-data/saposoa/Roya/Roya 255.jpg,saposoa,Perú,roya,externo
C:/Users/napop/leaf-plate-data/saposoa/Roya/Roya 260.jpg,saposoa,Perú,roya,externo
C:/Users/napop/leaf-plate-data/saposoa/Roya/Roya 264.jpg,saposoa,Perú,roya,externo
C:/Users/napop/leaf-plate-data/saposoa/Roya/Roya 265.jpg,saposoa,Perú,roya,externo
C:/Users/napop/leaf-plate-data/saposoa/Roya/Roya 266.jpg,saposoa,Perú,roya,externo
C:/Users/napop/leaf-plate-data/saposoa/Roya/Roya 27.jpg,saposoa,Perú,roya,externo
C:/Users/napop/leaf-plate-data/saposoa/Roya/Roya 274.jpg,saposoa,Perú,roya,externo
C:/Users/napop/leaf-plate-data/saposoa/Roya/Roya 28.jpg,saposoa,Perú,roya,externo
C:/Users/napop/leaf-plate-data/saposoa/Roya/Roya 281.jpg,saposoa,Perú,roya,externo
C:/Users/napop/leaf-plate-data/saposoa/Roya/Roya 284.jpg,saposoa,Perú,roya,externo
C:/Users/napop/leaf-plate-data/saposoa/Roya/Roya 286.jpg,saposoa,Perú,roya,externo
C:/Users/napop/leaf-plate-data/saposoa/Roya/Roya 290.jpg,saposoa,Perú,roya,externo
C:/Users/napop/leaf-plate-data/saposoa/Roya/Roya 293.jpg,saposoa,Perú,roya,externo
C:/Users/napop/leaf-plate-data/saposoa/Roya/Roya 294.jpg,saposoa,Perú,roya,externo
C:/Users/napop/leaf-plate-data/saposoa/Roya/Roya 298.jpg,saposoa,Perú,roya,externo
C:/Users/napop/leaf-plate-data/saposoa/Roya/Roya 308.jpg,saposoa,Perú,roya,externo
C:/Users/napop/leaf-plate-data/saposoa/Roya/Roya 309.jpg,saposoa,Perú,roya,externo
C:/Users/napop/leaf-plate-data/saposoa/Roya/Roya 31.jpg,saposoa,Perú,roya,externo
C:/Users/napop/leaf-plate-data/saposoa/Roya/Roya 310.jpg,saposoa,Perú,roya,externo
C:/Users/napop/leaf-plate-data/saposoa/Roya/Roya 312.jpg,saposoa,Perú,roya,externo
C:/Users/napop/leaf-plate-data/saposoa/Roya/Roya 314.jpg,saposoa,Perú,roya,externo
C:/Users/napop/leaf-plate-data/saposoa/Roya/Roya 320.jpg,saposoa,Perú,roya,externo
C:/Users/napop/leaf-plate-data/saposoa/Roya/Roya 322.jpg,saposoa,Perú,roya,externo
C:/Users/napop/leaf-plate-data/saposoa/Roya/Roya 324.jpg,saposoa,Perú,roya,externo
C:/Users/napop/leaf-plate-data/saposoa/Roya/Roya 332.jpg,saposoa,Perú,roya,externo
C:/Users/napop/leaf-plate-data/saposoa/Roya/Roya 335.jpg,saposoa,Perú,roya,externo
C:/Users/napop/leaf-plate-data/saposoa/Roya/Roya 337.jpg,saposoa,Perú,roya,externo
C:/Users/napop/leaf-plate-data/saposoa/Roya/Roya 339.jpg,saposoa,Perú,roya,externo
C:/Users/napop/leaf-plate-data/saposoa/Roya/Roya 341.jpg,saposoa,Perú,roya,externo
C:/Users/napop/leaf-plate-data/saposoa/Roya/Roya 342.jpg,saposoa,Perú,roya,externo
C:/Users/napop/leaf-plate-data/saposoa/Roya/Roya 347.jpg,saposoa,Perú,roya,externo
C:/Users/napop/leaf-plate-data/saposoa/Roya/Roya 352.jpg,saposoa,Perú,roya,externo
C:/Users/napop/leaf-plate-data/saposoa/Roya/Roya 355.jpg,saposoa,Perú,roya,externo
C:/Users/napop/leaf-plate-data/saposoa/Roya/Roya 357.jpg,saposoa,Perú,roya,externo
C:/Users/napop/leaf-plate-data/saposoa/Roya/Roya 361.jpg,saposoa,Perú,roya,externo
C:/Users/napop/leaf-plate-data/saposoa/Roya/Roya 370.jpg,saposoa,Perú,roya,externo
C:/Users/napop/leaf-plate-data/saposoa/Roya/Roya 372.jpg,saposoa,Perú,roya,externo
C:/Users/napop/leaf-plate-data/saposoa/Roya/Roya 374.jpg,saposoa,Perú,roya,externo
C:/Users/napop/leaf-plate-data/saposoa/Roya/Roya 375.jpg,saposoa,Perú,roya,externo
C:/Users/napop/leaf-plate-data/saposoa/Roya/Roya 377.jpg,saposoa,Perú,roya,externo
C:/Users/napop/leaf-plate-data/saposoa/Roya/Roya 382.jpg,saposoa,Perú,roya,externo
C:/Users/napop/leaf-plate-data/saposoa/Roya/Roya 398.jpg,saposoa,Perú,roya,externo
C:/Users/napop/leaf-plate-data/saposoa/Roya/Roya 40.jpg,saposoa,Perú,roya,externo
C:/Users/napop/leaf-plate-data/saposoa/Roya/Roya 401.jpg,saposoa,Perú,roya,externo
C:/Users/napop/leaf-plate-data/saposoa/Roya/Roya 403.jpg,saposoa,Perú,roya,externo
C:/Users/napop/leaf-plate-data/saposoa/Roya/Roya 409.jpg,saposoa,Perú,roya,externo
C:/Users/napop/leaf-plate-data/saposoa/Roya/Roya 411.jpg,saposoa,Perú,roya,externo
C:/Users/napop/leaf-plate-data/saposoa/Roya/Roya 413.jpg,saposoa,Perú,roya,externo
C:/Users/napop/leaf-plate-data/saposoa/Roya/Roya 416.jpg,saposoa,Perú,roya,externo
C:/Users/napop/leaf-plate-data/saposoa/Roya/Roya 418.jpg,saposoa,Perú,roya,externo
C:/Users/napop/leaf-plate-data/saposoa/Roya/Roya 423.jpg,saposoa,Perú,roya,externo
C:/Users/napop/leaf-plate-data/saposoa/Roya/Roya 43.jpg,saposoa,Perú,roya,externo
C:/Users/napop/leaf-plate-data/saposoa/Roya/Roya 439.jpg,saposoa,Perú,roya,externo
C:/Users/napop/leaf-plate-data/saposoa/Roya/Roya 440.jpg,saposoa,Perú,roya,externo
C:/Users/napop/leaf-plate-data/saposoa/Roya/Roya 446.jpg,saposoa,Perú,roya,externo
C:/Users/napop/leaf-plate-data/saposoa/Roya/Roya 448.jpg,saposoa,Perú,roya,externo
C:/Users/napop/leaf-plate-data/saposoa/Roya/Roya 449.jpg,saposoa,Perú,roya,externo
C:/Users/napop/leaf-plate-data/saposoa/Roya/Roya 451.jpg,saposoa,Perú,roya,externo
C:/Users/napop/leaf-plate-data/saposoa/Roya/Roya 46.jpg,saposoa,Perú,roya,externo
C:/Users/napop/leaf-plate-data/saposoa/Roya/Roya 468.jpg,saposoa,Perú,roya,externo
C:/Users/napop/leaf-plate-data/saposoa/Roya/Roya 471.jpg,saposoa,Perú,roya,externo
C:/Users/napop/leaf-plate-data/saposoa/Roya/Roya 472.jpg,saposoa,Perú,roya,externo
C:/Users/napop/leaf-plate-data/saposoa/Roya/Roya 474.jpg,saposoa,Perú,roya,externo
C:/Users/napop/leaf-plate-data/saposoa/Roya/Roya 475.jpg,saposoa,Perú,roya,externo
C:/Users/napop/leaf-plate-data/saposoa/Roya/Roya 478.jpg,saposoa,Perú,roya,externo
C:/Users/napop/leaf-plate-data/saposoa/Roya/Roya 480.jpg,saposoa,Perú,roya,externo
C:/Users/napop/leaf-plate-data/saposoa/Roya/Roya 489.jpg,saposoa,Perú,roya,externo
C:/Users/napop/leaf-plate-data/saposoa/Roya/Roya 49.jpg,saposoa,Perú,roya,externo
C:/Users/napop/leaf-plate-data/saposoa/Roya/Roya 492.jpg,saposoa,Perú,roya,externo
C:/Users/napop/leaf-plate-data/saposoa/Roya/Roya 497.jpg,saposoa,Perú,roya,externo
C:/Users/napop/leaf-plate-data/saposoa/Roya/Roya 499.jpg,saposoa,Perú,roya,externo
C:/Users/napop/leaf-plate-data/saposoa/Roya/Roya 5.jpg,saposoa,Perú,roya,externo
C:/Users/napop/leaf-plate-data/saposoa/Roya/Roya 504.jpg,saposoa,Perú,roya,externo
C:/Users/napop/leaf-plate-data/saposoa/Roya/Roya 507.jpg,saposoa,Perú,roya,externo
C:/Users/napop/leaf-plate-data/saposoa/Roya/Roya 517.jpg,saposoa,Perú,roya,externo
C:/Users/napop/leaf-plate-data/saposoa/Roya/Roya 531.jpg,saposoa,Perú,roya,externo
C:/Users/napop/leaf-plate-data/saposoa/Roya/Roya 537.jpg,saposoa,Perú,roya,externo
C:/Users/napop/leaf-plate-data/saposoa/Roya/Roya 538.jpg,saposoa,Perú,roya,externo
C:/Users/napop/leaf-plate-data/saposoa/Roya/Roya 539.jpg,saposoa,Perú,roya,externo
C:/Users/napop/leaf-plate-data/saposoa/Roya/Roya 542.jpg,saposoa,Perú,roya,externo
C:/Users/napop/leaf-plate-data/saposoa/Roya/Roya 545.jpg,saposoa,Perú,roya,externo
C:/Users/napop/leaf-plate-data/saposoa/Roya/Roya 547.jpg,saposoa,Perú,roya,externo
C:/Users/napop/leaf-plate-data/saposoa/Roya/Roya 548.jpg,saposoa,Perú,roya,externo
C:/Users/napop/leaf-plate-data/saposoa/Roya/Roya 55.jpg,saposoa,Perú,roya,externo
C:/Users/napop/leaf-plate-data/saposoa/Roya/Roya 551.jpg,saposoa,Perú,roya,externo
C:/Users/napop/leaf-plate-data/saposoa/Roya/Roya 554.jpg,saposoa,Perú,roya,externo
C:/Users/napop/leaf-plate-data/saposoa/Roya/Roya 557.jpg,saposoa,Perú,roya,externo
C:/Users/napop/leaf-plate-data/saposoa/Roya/Roya 560.jpg,saposoa,Perú,roya,externo
C:/Users/napop/leaf-plate-data/saposoa/Roya/Roya 561.jpg,saposoa,Perú,roya,externo
C:/Users/napop/leaf-plate-data/saposoa/Roya/Roya 565.jpg,saposoa,Perú,roya,externo
C:/Users/napop/leaf-plate-data/saposoa/Roya/Roya 566.jpg,saposoa,Perú,roya,externo
C:/Users/napop/leaf-plate-data/saposoa/Roya/Roya 571.jpg,saposoa,Perú,roya,externo
C:/Users/napop/leaf-plate-data/saposoa/Roya/Roya 572.jpg,saposoa,Perú,roya,externo
C:/Users/napop/leaf-plate-data/saposoa/Roya/Roya 574.jpg,saposoa,Perú,roya,externo
C:/Users/napop/leaf-plate-data/saposoa/Roya/Roya 577.jpg,saposoa,Perú,roya,externo
C:/Users/napop/leaf-plate-data/saposoa/Roya/Roya 588.jpg,saposoa,Perú,roya,externo
C:/Users/napop/leaf-plate-data/saposoa/Roya/Roya 591.jpg,saposoa,Perú,roya,externo
C:/Users/napop/leaf-plate-data/saposoa/Roya/Roya 595.jpg,saposoa,Perú,roya,externo
C:/Users/napop/leaf-plate-data/saposoa/Roya/Roya 596.jpg,saposoa,Perú,roya,externo
C:/Users/napop/leaf-plate-data/saposoa/Roya/Roya 599.jpg,saposoa,Perú,roya,externo
C:/Users/napop/leaf-plate-data/saposoa/Roya/Roya 602.jpg,saposoa,Perú,roya,externo
C:/Users/napop/leaf-plate-data/saposoa/Roya/Roya 605.jpg,saposoa,Perú,roya,externo
C:/Users/napop/leaf-plate-data/saposoa/Roya/Roya 606.jpg,saposoa,Perú,roya,externo
C:/Users/napop/leaf-plate-data/saposoa/Roya/Roya 610.jpg,saposoa,Perú,roya,externo
C:/Users/napop/leaf-plate-data/saposoa/Roya/Roya 614.jpg,saposoa,Perú,roya,externo
C:/Users/napop/leaf-plate-data/saposoa/Roya/Roya 616.jpg,saposoa,Perú,roya,externo
C:/Users/napop/leaf-plate-data/saposoa/Roya/Roya 617.jpg,saposoa,Perú,roya,externo
C:/Users/napop/leaf-plate-data/saposoa/Roya/Roya 620.jpg,saposoa,Perú,roya,externo
C:/Users/napop/leaf-plate-data/saposoa/Roya/Roya 621.jpg,saposoa,Perú,roya,externo
C:/Users/napop/leaf-plate-data/saposoa/Roya/Roya 631.jpg,saposoa,Perú,roya,externo
C:/Users/napop/leaf-plate-data/saposoa/Roya/Roya 639.jpg,saposoa,Perú,roya,externo
C:/Users/napop/leaf-plate-data/saposoa/Roya/Roya 64.jpg,saposoa,Perú,roya,externo
C:/Users/napop/leaf-plate-data/saposoa/Roya/Roya 649.jpg,saposoa,Perú,roya,externo
C:/Users/napop/leaf-plate-data/saposoa/Roya/Roya 651.jpg,saposoa,Perú,roya,externo
C:/Users/napop/leaf-plate-data/saposoa/Roya/Roya 657.jpg,saposoa,Perú,roya,externo
C:/Users/napop/leaf-plate-data/saposoa/Roya/Roya 663.jpg,saposoa,Perú,roya,externo
C:/Users/napop/leaf-plate-data/saposoa/Roya/Roya 666.jpg,saposoa,Perú,roya,externo
C:/Users/napop/leaf-plate-data/saposoa/Roya/Roya 669.jpg,saposoa,Perú,roya,externo
C:/Users/napop/leaf-plate-data/saposoa/Roya/Roya 673.jpg,saposoa,Perú,roya,externo
C:/Users/napop/leaf-plate-data/saposoa/Roya/Roya 676.jpg,saposoa,Perú,roya,externo
C:/Users/napop/leaf-plate-data/saposoa/Roya/Roya 680.jpg,saposoa,Perú,roya,externo
C:/Users/napop/leaf-plate-data/saposoa/Roya/Roya 681.jpg,saposoa,Perú,roya,externo
C:/Users/napop/leaf-plate-data/saposoa/Roya/Roya 682.jpg,saposoa,Perú,roya,externo
C:/Users/napop/leaf-plate-data/saposoa/Roya/Roya 683.jpg,saposoa,Perú,roya,externo
C:/Users/napop/leaf-plate-data/saposoa/Roya/Roya 684.jpg,saposoa,Perú,roya,externo
C:/Users/napop/leaf-plate-data/saposoa/Roya/Roya 687.jpg,saposoa,Perú,roya,externo
C:/Users/napop/leaf-plate-data/saposoa/Roya/Roya 688.jpg,saposoa,Perú,roya,externo
C:/Users/napop/leaf-plate-data/saposoa/Roya/Roya 690.jpg,saposoa,Perú,roya,externo
C:/Users/napop/leaf-plate-data/saposoa/Roya/Roya 697.jpg,saposoa,Perú,roya,externo
C:/Users/napop/leaf-plate-data/saposoa/Roya/Roya 7.jpg,saposoa,Perú,roya,externo
C:/Users/napop/leaf-plate-data/saposoa/Roya/Roya 701.jpg,saposoa,Perú,roya,externo
C:/Users/napop/leaf-plate-data/saposoa/Roya/Roya 705.jpg,saposoa,Perú,roya,externo
C:/Users/napop/leaf-plate-data/saposoa/Roya/Roya 710.jpg,saposoa,Perú,roya,externo
C:/Users/napop/leaf-plate-data/saposoa/Roya/Roya 714.jpg,saposoa,Perú,roya,externo
C:/Users/napop/leaf-plate-data/saposoa/Roya/Roya 720.jpg,saposoa,Perú,roya,externo
C:/Users/napop/leaf-plate-data/saposoa/Roya/Roya 721.jpg,saposoa,Perú,roya,externo
C:/Users/napop/leaf-plate-data/saposoa/Roya/Roya 725.jpg,saposoa,Perú,roya,externo
C:/Users/napop/leaf-plate-data/saposoa/Roya/Roya 727.jpg,saposoa,Perú,roya,externo
C:/Users/napop/leaf-plate-data/saposoa/Roya/Roya 73.jpg,saposoa,Perú,roya,externo
C:/Users/napop/leaf-plate-data/saposoa/Roya/Roya 732.jpg,saposoa,Perú,roya,externo
C:/Users/napop/leaf-plate-data/saposoa/Roya/Roya 734.jpg,saposoa,Perú,roya,externo
C:/Users/napop/leaf-plate-data/saposoa/Roya/Roya 741.jpg,saposoa,Perú,roya,externo
C:/Users/napop/leaf-plate-data/saposoa/Roya/Roya 742.jpg,saposoa,Perú,roya,externo
C:/Users/napop/leaf-plate-data/saposoa/Roya/Roya 743.jpg,saposoa,Perú,roya,externo
C:/Users/napop/leaf-plate-data/saposoa/Roya/Roya 751.jpg,saposoa,Perú,roya,externo
C:/Users/napop/leaf-plate-data/saposoa/Roya/Roya 752.jpg,saposoa,Perú,roya,externo
C:/Users/napop/leaf-plate-data/saposoa/Roya/Roya 757.jpg,saposoa,Perú,roya,externo
C:/Users/napop/leaf-plate-data/saposoa/Roya/Roya 764.jpg,saposoa,Perú,roya,externo
C:/Users/napop/leaf-plate-data/saposoa/Roya/Roya 765.jpg,saposoa,Perú,roya,externo
C:/Users/napop/leaf-plate-data/saposoa/Roya/Roya 767.jpg,saposoa,Perú,roya,externo
C:/Users/napop/leaf-plate-data/saposoa/Roya/Roya 770.jpg,saposoa,Perú,roya,externo
C:/Users/napop/leaf-plate-data/saposoa/Roya/Roya 772.jpg,saposoa,Perú,roya,externo
C:/Users/napop/leaf-plate-data/saposoa/Roya/Roya 773.jpg,saposoa,Perú,roya,externo
C:/Users/napop/leaf-plate-data/saposoa/Roya/Roya 777.jpg,saposoa,Perú,roya,externo
C:/Users/napop/leaf-plate-data/saposoa/Roya/Roya 778.jpg,saposoa,Perú,roya,externo
C:/Users/napop/leaf-plate-data/saposoa/Roya/Roya 781.jpg,saposoa,Perú,roya,externo
C:/Users/napop/leaf-plate-data/saposoa/Roya/Roya 785.jpg,saposoa,Perú,roya,externo
C:/Users/napop/leaf-plate-data/saposoa/Roya/Roya 786.jpg,saposoa,Perú,roya,externo
C:/Users/napop/leaf-plate-data/saposoa/Roya/Roya 792.jpg,saposoa,Perú,roya,externo
C:/Users/napop/leaf-plate-data/saposoa/Roya/Roya 793.jpg,saposoa,Perú,roya,externo
C:/Users/napop/leaf-plate-data/saposoa/Roya/Roya 795.jpg,saposoa,Perú,roya,externo
C:/Users/napop/leaf-plate-data/saposoa/Roya/Roya 80.jpg,saposoa,Perú,roya,externo
C:/Users/napop/leaf-plate-data/saposoa/Roya/Roya 802.jpg,saposoa,Perú,roya,externo
C:/Users/napop/leaf-plate-data/saposoa/Roya/Roya 803.jpg,saposoa,Perú,roya,externo
C:/Users/napop/leaf-plate-data/saposoa/Roya/Roya 805.jpg,saposoa,Perú,roya,externo
C:/Users/napop/leaf-plate-data/saposoa/Roya/Roya 809.jpg,saposoa,Perú,roya,externo
C:/Users/napop/leaf-plate-data/saposoa/Roya/Roya 813.jpg,saposoa,Perú,roya,externo
C:/Users/napop/leaf-plate-data/saposoa/Roya/Roya 825.jpg,saposoa,Perú,roya,externo
C:/Users/napop/leaf-plate-data/saposoa/Roya/Roya 83.jpg,saposoa,Perú,roya,externo
C:/Users/napop/leaf-plate-data/saposoa/Roya/Roya 84.jpg,saposoa,Perú,roya,externo
C:/Users/napop/leaf-plate-data/saposoa/Roya/Roya 845.jpg,saposoa,Perú,roya,externo
C:/Users/napop/leaf-plate-data/saposoa/Roya/Roya 852.jpg,saposoa,Perú,roya,externo
C:/Users/napop/leaf-plate-data/saposoa/Roya/Roya 853.jpg,saposoa,Perú,roya,externo
C:/Users/napop/leaf-plate-data/saposoa/Roya/Roya 854.jpg,saposoa,Perú,roya,externo
C:/Users/napop/leaf-plate-data/saposoa/Roya/Roya 858.jpg,saposoa,Perú,roya,externo
C:/Users/napop/leaf-plate-data/saposoa/Roya/Roya 864.jpg,saposoa,Perú,roya,externo
C:/Users/napop/leaf-plate-data/saposoa/Roya/Roya 869.jpg,saposoa,Perú,roya,externo
C:/Users/napop/leaf-plate-data/saposoa/Roya/Roya 87.jpg,saposoa,Perú,roya,externo
C:/Users/napop/leaf-plate-data/saposoa/Roya/Roya 872.jpg,saposoa,Perú,roya,externo
C:/Users/napop/leaf-plate-data/saposoa/Roya/Roya 877.jpg,saposoa,Perú,roya,externo
C:/Users/napop/leaf-plate-data/saposoa/Roya/Roya 879.jpg,saposoa,Perú,roya,externo
C:/Users/napop/leaf-plate-data/saposoa/Roya/Roya 881.jpg,saposoa,Perú,roya,externo
C:/Users/napop/leaf-plate-data/saposoa/Roya/Roya 889.jpg,saposoa,Perú,roya,externo
C:/Users/napop/leaf-plate-data/saposoa/Roya/Roya 890.jpg,saposoa,Perú,roya,externo
C:/Users/napop/leaf-plate-data/saposoa/Roya/Roya 893.jpg,saposoa,Perú,roya,externo
C:/Users/napop/leaf-plate-data/saposoa/Roya/Roya 896.jpg,saposoa,Perú,roya,externo
C:/Users/napop/leaf-plate-data/saposoa/Roya/Roya 9.jpg,saposoa,Perú,roya,externo
C:/Users/napop/leaf-plate-data/saposoa/Roya/Roya 90.jpg,saposoa,Perú,roya,externo
C:/Users/napop/leaf-plate-data/saposoa/Roya/Roya 902.jpg,saposoa,Perú,roya,externo
C:/Users/napop/leaf-plate-data/saposoa/Roya/Roya 904.jpg,saposoa,Perú,roya,externo
C:/Users/napop/leaf-plate-data/saposoa/Roya/Roya 906.jpg,saposoa,Perú,roya,externo
C:/Users/napop/leaf-plate-data/saposoa/Roya/Roya 908.jpg,saposoa,Perú,roya,externo
C:/Users/napop/leaf-plate-data/saposoa/Roya/Roya 91.jpg,saposoa,Perú,roya,externo
C:/Users/napop/leaf-plate-data/saposoa/Roya/Roya 911.jpg,saposoa,Perú,roya,externo
C:/Users/napop/leaf-plate-data/saposoa/Roya/Roya 912.jpg,saposoa,Perú,roya,externo
C:/Users/napop/leaf-plate-data/saposoa/Roya/Roya 916.jpg,saposoa,Perú,roya,externo
C:/Users/napop/leaf-plate-data/saposoa/Roya/Roya 917.jpg,saposoa,Perú,roya,externo
C:/Users/napop/leaf-plate-data/saposoa/Roya/Roya 919.jpg,saposoa,Perú,roya,externo
C:/Users/napop/leaf-plate-data/saposoa/Roya/Roya 92.jpg,saposoa,Perú,roya,externo
C:/Users/napop/leaf-plate-data/saposoa/Roya/Roya 923.jpg,saposoa,Perú,roya,externo
C:/Users/napop/leaf-plate-data/saposoa/Roya/Roya 939.jpg,saposoa,Perú,roya,externo
C:/Users/napop/leaf-plate-data/saposoa/Roya/Roya 941.jpg,saposoa,Perú,roya,externo
C:/Users/napop/leaf-plate-data/saposoa/Roya/Roya 943.jpg,saposoa,Perú,roya,externo
C:/Users/napop/leaf-plate-data/saposoa/Roya/Roya 948.jpg,saposoa,Perú,roya,externo
C:/Users/napop/leaf-plate-data/saposoa/Roya/Roya 950.jpg,saposoa,Perú,roya,externo
C:/Users/napop/leaf-plate-data/saposoa/Roya/Roya 956.jpg,saposoa,Perú,roya,externo
C:/Users/napop/leaf-plate-data/saposoa/Roya/Roya 96.jpg,saposoa,Perú,roya,externo
C:/Users/napop/leaf-plate-data/saposoa/Roya/Roya 968.jpg,saposoa,Perú,roya,externo
C:/Users/napop/leaf-plate-data/saposoa/Roya/Roya 971.jpg,saposoa,Perú,roya,externo
C:/Users/napop/leaf-plate-data/saposoa/Roya/Roya 975.jpg,saposoa,Perú,roya,externo
C:/Users/napop/leaf-plate-data/saposoa/Roya/Roya 976.jpg,saposoa,Perú,roya,externo
C:/Users/napop/leaf-plate-data/saposoa/Roya/Roya 980.jpg,saposoa,Perú,roya,externo
C:/Users/napop/leaf-plate-data/saposoa/Roya/Roya 981.jpg,saposoa,Perú,roya,externo
C:/Users/napop/leaf-plate-data/saposoa/Roya/Roya 982.jpg,saposoa,Perú,roya,externo
C:/Users/napop/leaf-plate-data/saposoa/Roya/Roya 983.jpg,saposoa,Perú,roya,externo
C:/Users/napop/leaf-plate-data/saposoa/Roya/Roya 991.jpg,saposoa,Perú,roya,externo
C:/Users/napop/leaf-plate-data/saposoa/Roya/Roya 993.jpg,saposoa,Perú,roya,externo
C:/Users/napop/leaf-plate-data/saposoa/Roya/Roya 999.jpg,saposoa,Perú,roya,externo
C:/Users/napop/leaf-plate-data/saposoa/Ojo_Gallo/20251129_091427.jpg,saposoa,Perú,desconocida,externo
C:/Users/napop/leaf-plate-data/saposoa/Ojo_Gallo/20251129_091959.jpg,saposoa,Perú,desconocida,externo
C:/Users/napop/leaf-plate-data/saposoa/Ojo_Gallo/20251129_092009.jpg,saposoa,Perú,desconocida,externo
C:/Users/napop/leaf-plate-data/saposoa/Ojo_Gallo/20251129_092016.jpg,saposoa,Perú,desconocida,externo
C:/Users/napop/leaf-plate-data/saposoa/Ojo_Gallo/20251129_092053.jpg,saposoa,Perú,desconocida,externo
C:/Users/napop/leaf-plate-data/saposoa/Ojo_Gallo/20251129_092106.jpg,saposoa,Perú,desconocida,externo
C:/Users/napop/leaf-plate-data/saposoa/Ojo_Gallo/20251129_092123.jpg,saposoa,Perú,desconocida,externo
C:/Users/napop/leaf-plate-data/saposoa/Ojo_Gallo/20251129_092139.jpg,saposoa,Perú,desconocida,externo
C:/Users/napop/leaf-plate-data/saposoa/Ojo_Gallo/20251129_092149.jpg,saposoa,Perú,desconocida,externo
C:/Users/napop/leaf-plate-data/saposoa/Ojo_Gallo/20251129_092158.jpg,saposoa,Perú,desconocida,externo
C:/Users/napop/leaf-plate-data/saposoa/Ojo_Gallo/20251129_092220.jpg,saposoa,Perú,desconocida,externo
C:/Users/napop/leaf-plate-data/saposoa/Ojo_Gallo/20251129_092252.jpg,saposoa,Perú,desconocida,externo
C:/Users/napop/leaf-plate-data/saposoa/Ojo_Gallo/20251129_092333.jpg,saposoa,Perú,desconocida,externo
C:/Users/napop/leaf-plate-data/saposoa/Ojo_Gallo/20251129_092438.jpg,saposoa,Perú,desconocida,externo
C:/Users/napop/leaf-plate-data/saposoa/Ojo_Gallo/20251129_092457.jpg,saposoa,Perú,desconocida,externo
C:/Users/napop/leaf-plate-data/saposoa/Ojo_Gallo/20251129_092504.jpg,saposoa,Perú,desconocida,externo
C:/Users/napop/leaf-plate-data/saposoa/Ojo_Gallo/20251129_092511.jpg,saposoa,Perú,desconocida,externo
C:/Users/napop/leaf-plate-data/saposoa/Ojo_Gallo/20251129_092539.jpg,saposoa,Perú,desconocida,externo
C:/Users/napop/leaf-plate-data/saposoa/Ojo_Gallo/20251129_092559.jpg,saposoa,Perú,desconocida,externo
C:/Users/napop/leaf-plate-data/saposoa/Ojo_Gallo/20251129_092633.jpg,saposoa,Perú,desconocida,externo
C:/Users/napop/leaf-plate-data/saposoa/Ojo_Gallo/20251129_092702.jpg,saposoa,Perú,desconocida,externo
C:/Users/napop/leaf-plate-data/saposoa/Ojo_Gallo/20251129_092708.jpg,saposoa,Perú,desconocida,externo
C:/Users/napop/leaf-plate-data/saposoa/Ojo_Gallo/20251129_092724.jpg,saposoa,Perú,desconocida,externo
C:/Users/napop/leaf-plate-data/saposoa/Ojo_Gallo/20251129_092735.jpg,saposoa,Perú,desconocida,externo
C:/Users/napop/leaf-plate-data/saposoa/Ojo_Gallo/20251129_092800.jpg,saposoa,Perú,desconocida,externo
C:/Users/napop/leaf-plate-data/saposoa/Ojo_Gallo/20251129_092925.jpg,saposoa,Perú,desconocida,externo
C:/Users/napop/leaf-plate-data/saposoa/Ojo_Gallo/20251129_092931.jpg,saposoa,Perú,desconocida,externo
C:/Users/napop/leaf-plate-data/saposoa/Ojo_Gallo/20251129_093055.jpg,saposoa,Perú,desconocida,externo
C:/Users/napop/leaf-plate-data/saposoa/Ojo_Gallo/20251129_093132.jpg,saposoa,Perú,desconocida,externo
C:/Users/napop/leaf-plate-data/saposoa/Ojo_Gallo/20251129_093207.jpg,saposoa,Perú,desconocida,externo
C:/Users/napop/leaf-plate-data/saposoa/Ojo_Gallo/20251129_093218.jpg,saposoa,Perú,desconocida,externo
C:/Users/napop/leaf-plate-data/saposoa/Ojo_Gallo/20251129_093257.jpg,saposoa,Perú,desconocida,externo
C:/Users/napop/leaf-plate-data/saposoa/Ojo_Gallo/20251129_093304.jpg,saposoa,Perú,desconocida,externo
C:/Users/napop/leaf-plate-data/saposoa/Ojo_Gallo/20251129_093324.jpg,saposoa,Perú,desconocida,externo
C:/Users/napop/leaf-plate-data/saposoa/Ojo_Gallo/20251129_093359.jpg,saposoa,Perú,desconocida,externo
C:/Users/napop/leaf-plate-data/saposoa/Ojo_Gallo/20251129_093405.jpg,saposoa,Perú,desconocida,externo
C:/Users/napop/leaf-plate-data/saposoa/Ojo_Gallo/20251129_093502.jpg,saposoa,Perú,desconocida,externo
C:/Users/napop/leaf-plate-data/saposoa/Ojo_Gallo/20251129_093509.jpg,saposoa,Perú,desconocida,externo
C:/Users/napop/leaf-plate-data/saposoa/Ojo_Gallo/20251129_093615.jpg,saposoa,Perú,desconocida,externo
C:/Users/napop/leaf-plate-data/saposoa/Ojo_Gallo/20251129_093623.jpg,saposoa,Perú,desconocida,externo
C:/Users/napop/leaf-plate-data/saposoa/Ojo_Gallo/20251129_093725.jpg,saposoa,Perú,desconocida,externo
C:/Users/napop/leaf-plate-data/saposoa/Ojo_Gallo/20251129_093729.jpg,saposoa,Perú,desconocida,externo
C:/Users/napop/leaf-plate-data/saposoa/Ojo_Gallo/20251129_093736.jpg,saposoa,Perú,desconocida,externo
C:/Users/napop/leaf-plate-data/saposoa/Ojo_Gallo/20251129_093848.jpg,saposoa,Perú,desconocida,externo
C:/Users/napop/leaf-plate-data/saposoa/Ojo_Gallo/20251129_093956.jpg,saposoa,Perú,desconocida,externo
C:/Users/napop/leaf-plate-data/saposoa/Ojo_Gallo/20251129_094006.jpg,saposoa,Perú,desconocida,externo
C:/Users/napop/leaf-plate-data/saposoa/Ojo_Gallo/20251129_094032.jpg,saposoa,Perú,desconocida,externo
C:/Users/napop/leaf-plate-data/saposoa/Ojo_Gallo/20251129_094057.jpg,saposoa,Perú,desconocida,externo
C:/Users/napop/leaf-plate-data/saposoa/Ojo_Gallo/20251129_094102.jpg,saposoa,Perú,desconocida,externo
C:/Users/napop/leaf-plate-data/saposoa/Ojo_Gallo/20251129_094107.jpg,saposoa,Perú,desconocida,externo
C:/Users/napop/leaf-plate-data/saposoa/Ojo_Gallo/20251129_094130.jpg,saposoa,Perú,desconocida,externo
C:/Users/napop/leaf-plate-data/saposoa/Ojo_Gallo/20251129_094219.jpg,saposoa,Perú,desconocida,externo
C:/Users/napop/leaf-plate-data/saposoa/Ojo_Gallo/20251129_094307.jpg,saposoa,Perú,desconocida,externo
C:/Users/napop/leaf-plate-data/saposoa/Ojo_Gallo/20251129_094337.jpg,saposoa,Perú,desconocida,externo
C:/Users/napop/leaf-plate-data/saposoa/Ojo_Gallo/20251129_094345.jpg,saposoa,Perú,desconocida,externo
C:/Users/napop/leaf-plate-data/saposoa/Ojo_Gallo/20251129_094358.jpg,saposoa,Perú,desconocida,externo
C:/Users/napop/leaf-plate-data/saposoa/Ojo_Gallo/20251129_094614.jpg,saposoa,Perú,desconocida,externo
C:/Users/napop/leaf-plate-data/saposoa/Ojo_Gallo/20251129_094622.jpg,saposoa,Perú,desconocida,externo
C:/Users/napop/leaf-plate-data/saposoa/Ojo_Gallo/20251129_094627.jpg,saposoa,Perú,desconocida,externo
C:/Users/napop/leaf-plate-data/saposoa/Ojo_Gallo/20251129_094634.jpg,saposoa,Perú,desconocida,externo
C:/Users/napop/leaf-plate-data/saposoa/Ojo_Gallo/20251129_094654.jpg,saposoa,Perú,desconocida,externo
C:/Users/napop/leaf-plate-data/saposoa/Ojo_Gallo/20251129_094701.jpg,saposoa,Perú,desconocida,externo
C:/Users/napop/leaf-plate-data/saposoa/Ojo_Gallo/20251129_094716.jpg,saposoa,Perú,desconocida,externo
C:/Users/napop/leaf-plate-data/saposoa/Ojo_Gallo/20251129_094823.jpg,saposoa,Perú,desconocida,externo
C:/Users/napop/leaf-plate-data/saposoa/Ojo_Gallo/20251129_094834.jpg,saposoa,Perú,desconocida,externo
C:/Users/napop/leaf-plate-data/saposoa/Ojo_Gallo/20251129_094932.jpg,saposoa,Perú,desconocida,externo
C:/Users/napop/leaf-plate-data/saposoa/Ojo_Gallo/20251129_094950.jpg,saposoa,Perú,desconocida,externo
C:/Users/napop/leaf-plate-data/saposoa/Ojo_Gallo/20251129_095011.jpg,saposoa,Perú,desconocida,externo
C:/Users/napop/leaf-plate-data/saposoa/Ojo_Gallo/20251129_095022.jpg,saposoa,Perú,desconocida,externo
C:/Users/napop/leaf-plate-data/saposoa/Ojo_Gallo/20251129_095106.jpg,saposoa,Perú,desconocida,externo
C:/Users/napop/leaf-plate-data/saposoa/Ojo_Gallo/20251129_095132.jpg,saposoa,Perú,desconocida,externo
C:/Users/napop/leaf-plate-data/saposoa/Ojo_Gallo/20251129_095138.jpg,saposoa,Perú,desconocida,externo
C:/Users/napop/leaf-plate-data/saposoa/Ojo_Gallo/20251129_095206.jpg,saposoa,Perú,desconocida,externo
C:/Users/napop/leaf-plate-data/saposoa/Ojo_Gallo/20251129_095244.jpg,saposoa,Perú,desconocida,externo
C:/Users/napop/leaf-plate-data/saposoa/Ojo_Gallo/20251129_095331.jpg,saposoa,Perú,desconocida,externo
C:/Users/napop/leaf-plate-data/saposoa/Ojo_Gallo/20251129_095346.jpg,saposoa,Perú,desconocida,externo
C:/Users/napop/leaf-plate-data/saposoa/Ojo_Gallo/20251129_095408.jpg,saposoa,Perú,desconocida,externo
C:/Users/napop/leaf-plate-data/saposoa/Ojo_Gallo/20251129_095416.jpg,saposoa,Perú,desconocida,externo
C:/Users/napop/leaf-plate-data/saposoa/Ojo_Gallo/20251129_095449.jpg,saposoa,Perú,desconocida,externo
C:/Users/napop/leaf-plate-data/saposoa/Ojo_Gallo/20251129_095512.jpg,saposoa,Perú,desconocida,externo
C:/Users/napop/leaf-plate-data/saposoa/Ojo_Gallo/20251129_095538.jpg,saposoa,Perú,desconocida,externo
C:/Users/napop/leaf-plate-data/saposoa/Ojo_Gallo/20251129_095547.jpg,saposoa,Perú,desconocida,externo
C:/Users/napop/leaf-plate-data/saposoa/Ojo_Gallo/20251129_095552.jpg,saposoa,Perú,desconocida,externo
C:/Users/napop/leaf-plate-data/saposoa/Ojo_Gallo/20251129_095556.jpg,saposoa,Perú,desconocida,externo
C:/Users/napop/leaf-plate-data/saposoa/Ojo_Gallo/20251129_095601.jpg,saposoa,Perú,desconocida,externo
C:/Users/napop/leaf-plate-data/saposoa/Ojo_Gallo/20251129_095609.jpg,saposoa,Perú,desconocida,externo
C:/Users/napop/leaf-plate-data/saposoa/Ojo_Gallo/20251129_095626.jpg,saposoa,Perú,desconocida,externo
C:/Users/napop/leaf-plate-data/saposoa/Ojo_Gallo/20251129_095629.jpg,saposoa,Perú,desconocida,externo
C:/Users/napop/leaf-plate-data/saposoa/Ojo_Gallo/20251129_095642.jpg,saposoa,Perú,desconocida,externo
C:/Users/napop/leaf-plate-data/saposoa/Ojo_Gallo/20251129_095649.jpg,saposoa,Perú,desconocida,externo
C:/Users/napop/leaf-plate-data/saposoa/Ojo_Gallo/20251129_095703.jpg,saposoa,Perú,desconocida,externo
C:/Users/napop/leaf-plate-data/saposoa/Ojo_Gallo/20251129_095712.jpg,saposoa,Perú,desconocida,externo
C:/Users/napop/leaf-plate-data/saposoa/Ojo_Gallo/20251129_095729.jpg,saposoa,Perú,desconocida,externo
C:/Users/napop/leaf-plate-data/saposoa/Ojo_Gallo/20251129_095736.jpg,saposoa,Perú,desconocida,externo
C:/Users/napop/leaf-plate-data/saposoa/Ojo_Gallo/20251129_095755.jpg,saposoa,Perú,desconocida,externo
C:/Users/napop/leaf-plate-data/saposoa/Ojo_Gallo/20251129_095810.jpg,saposoa,Perú,desconocida,externo
C:/Users/napop/leaf-plate-data/saposoa/Ojo_Gallo/20251129_095821.jpg,saposoa,Perú,desconocida,externo
C:/Users/napop/leaf-plate-data/saposoa/Ojo_Gallo/20251129_095825.jpg,saposoa,Perú,desconocida,externo
C:/Users/napop/leaf-plate-data/saposoa/Ojo_Gallo/20251129_095836.jpg,saposoa,Perú,desconocida,externo
C:/Users/napop/leaf-plate-data/saposoa/Ojo_Gallo/20251129_095949.jpg,saposoa,Perú,desconocida,externo
C:/Users/napop/leaf-plate-data/saposoa/Ojo_Gallo/20251129_100024.jpg,saposoa,Perú,desconocida,externo
C:/Users/napop/leaf-plate-data/saposoa/Ojo_Gallo/20251129_100037.jpg,saposoa,Perú,desconocida,externo
C:/Users/napop/leaf-plate-data/saposoa/Ojo_Gallo/20251129_100046.jpg,saposoa,Perú,desconocida,externo
C:/Users/napop/leaf-plate-data/saposoa/Ojo_Gallo/20251129_100416.jpg,saposoa,Perú,desconocida,externo
C:/Users/napop/leaf-plate-data/saposoa/Ojo_Gallo/20251129_100436.jpg,saposoa,Perú,desconocida,externo
C:/Users/napop/leaf-plate-data/saposoa/Ojo_Gallo/20251129_100506.jpg,saposoa,Perú,desconocida,externo
C:/Users/napop/leaf-plate-data/saposoa/Ojo_Gallo/20251129_100515.jpg,saposoa,Perú,desconocida,externo
C:/Users/napop/leaf-plate-data/saposoa/Ojo_Gallo/20251129_100529.jpg,saposoa,Perú,desconocida,externo
C:/Users/napop/leaf-plate-data/saposoa/Ojo_Gallo/20251129_100535.jpg,saposoa,Perú,desconocida,externo
C:/Users/napop/leaf-plate-data/saposoa/Ojo_Gallo/20251129_100540.jpg,saposoa,Perú,desconocida,externo
C:/Users/napop/leaf-plate-data/saposoa/Ojo_Gallo/20251129_100547.jpg,saposoa,Perú,desconocida,externo
C:/Users/napop/leaf-plate-data/saposoa/Ojo_Gallo/20251129_100621.jpg,saposoa,Perú,desconocida,externo
C:/Users/napop/leaf-plate-data/saposoa/Ojo_Gallo/20251129_100648.jpg,saposoa,Perú,desconocida,externo
C:/Users/napop/leaf-plate-data/saposoa/Ojo_Gallo/20251129_100711.jpg,saposoa,Perú,desconocida,externo
C:/Users/napop/leaf-plate-data/saposoa/Ojo_Gallo/20251129_100808.jpg,saposoa,Perú,desconocida,externo
C:/Users/napop/leaf-plate-data/saposoa/Ojo_Gallo/20251129_100822.jpg,saposoa,Perú,desconocida,externo
C:/Users/napop/leaf-plate-data/saposoa/Ojo_Gallo/20251129_100906.jpg,saposoa,Perú,desconocida,externo
C:/Users/napop/leaf-plate-data/saposoa/Ojo_Gallo/20251129_100918.jpg,saposoa,Perú,desconocida,externo
C:/Users/napop/leaf-plate-data/saposoa/Ojo_Gallo/20251129_100948.jpg,saposoa,Perú,desconocida,externo
C:/Users/napop/leaf-plate-data/saposoa/Ojo_Gallo/20251129_100955.jpg,saposoa,Perú,desconocida,externo
C:/Users/napop/leaf-plate-data/saposoa/Ojo_Gallo/20251129_101002.jpg,saposoa,Perú,desconocida,externo
C:/Users/napop/leaf-plate-data/saposoa/Ojo_Gallo/20251129_101023.jpg,saposoa,Perú,desconocida,externo
C:/Users/napop/leaf-plate-data/saposoa/Ojo_Gallo/20251129_101029.jpg,saposoa,Perú,desconocida,externo
C:/Users/napop/leaf-plate-data/saposoa/Ojo_Gallo/20251129_101033.jpg,saposoa,Perú,desconocida,externo
C:/Users/napop/leaf-plate-data/saposoa/Ojo_Gallo/20251129_101038.jpg,saposoa,Perú,desconocida,externo
C:/Users/napop/leaf-plate-data/saposoa/Ojo_Gallo/20251129_101044.jpg,saposoa,Perú,desconocida,externo
C:/Users/napop/leaf-plate-data/saposoa/Ojo_Gallo/20251129_101157.jpg,saposoa,Perú,desconocida,externo
C:/Users/napop/leaf-plate-data/saposoa/Ojo_Gallo/20251129_101243.jpg,saposoa,Perú,desconocida,externo
C:/Users/napop/leaf-plate-data/saposoa/Ojo_Gallo/20251129_101255.jpg,saposoa,Perú,desconocida,externo
C:/Users/napop/leaf-plate-data/saposoa/Ojo_Gallo/20251129_101307.jpg,saposoa,Perú,desconocida,externo
C:/Users/napop/leaf-plate-data/saposoa/Ojo_Gallo/20251129_101314.jpg,saposoa,Perú,desconocida,externo
C:/Users/napop/leaf-plate-data/saposoa/Ojo_Gallo/20251129_101319.jpg,saposoa,Perú,desconocida,externo
C:/Users/napop/leaf-plate-data/saposoa/Ojo_Gallo/20251129_101337.jpg,saposoa,Perú,desconocida,externo
C:/Users/napop/leaf-plate-data/saposoa/Ojo_Gallo/20251129_101342.jpg,saposoa,Perú,desconocida,externo
C:/Users/napop/leaf-plate-data/saposoa/Ojo_Gallo/20251129_101430.jpg,saposoa,Perú,desconocida,externo
C:/Users/napop/leaf-plate-data/saposoa/Ojo_Gallo/20251129_101441.jpg,saposoa,Perú,desconocida,externo
C:/Users/napop/leaf-plate-data/saposoa/Ojo_Gallo/20251129_101504.jpg,saposoa,Perú,desconocida,externo
C:/Users/napop/leaf-plate-data/saposoa/Ojo_Gallo/20251129_101509.jpg,saposoa,Perú,desconocida,externo
C:/Users/napop/leaf-plate-data/saposoa/Ojo_Gallo/20251129_101518.jpg,saposoa,Perú,desconocida,externo
C:/Users/napop/leaf-plate-data/saposoa/Ojo_Gallo/20251129_101529.jpg,saposoa,Perú,desconocida,externo
C:/Users/napop/leaf-plate-data/saposoa/Ojo_Gallo/20251129_101559.jpg,saposoa,Perú,desconocida,externo
C:/Users/napop/leaf-plate-data/saposoa/Ojo_Gallo/20251129_101610.jpg,saposoa,Perú,desconocida,externo
C:/Users/napop/leaf-plate-data/saposoa/Ojo_Gallo/20251129_101624.jpg,saposoa,Perú,desconocida,externo
C:/Users/napop/leaf-plate-data/saposoa/Ojo_Gallo/20251129_101641.jpg,saposoa,Perú,desconocida,externo
C:/Users/napop/leaf-plate-data/saposoa/Ojo_Gallo/20251129_101714.jpg,saposoa,Perú,desconocida,externo
C:/Users/napop/leaf-plate-data/saposoa/Ojo_Gallo/20251129_101733.jpg,saposoa,Perú,desconocida,externo
C:/Users/napop/leaf-plate-data/saposoa/Ojo_Gallo/20251129_101826.jpg,saposoa,Perú,desconocida,externo
C:/Users/napop/leaf-plate-data/saposoa/Ojo_Gallo/20251129_101831.jpg,saposoa,Perú,desconocida,externo
C:/Users/napop/leaf-plate-data/saposoa/Ojo_Gallo/20251129_101839.jpg,saposoa,Perú,desconocida,externo
C:/Users/napop/leaf-plate-data/saposoa/Ojo_Gallo/20251129_101856.jpg,saposoa,Perú,desconocida,externo
C:/Users/napop/leaf-plate-data/saposoa/Ojo_Gallo/20251129_101905.jpg,saposoa,Perú,desconocida,externo
C:/Users/napop/leaf-plate-data/saposoa/Ojo_Gallo/20251129_101959.jpg,saposoa,Perú,desconocida,externo
C:/Users/napop/leaf-plate-data/saposoa/Ojo_Gallo/20251129_102019.jpg,saposoa,Perú,desconocida,externo
C:/Users/napop/leaf-plate-data/saposoa/Ojo_Gallo/20251129_102055.jpg,saposoa,Perú,desconocida,externo
C:/Users/napop/leaf-plate-data/saposoa/Ojo_Gallo/20251129_102103.jpg,saposoa,Perú,desconocida,externo
C:/Users/napop/leaf-plate-data/saposoa/Ojo_Gallo/20251129_102113.jpg,saposoa,Perú,desconocida,externo
C:/Users/napop/leaf-plate-data/saposoa/Ojo_Gallo/20251129_102125.jpg,saposoa,Perú,desconocida,externo
C:/Users/napop/leaf-plate-data/saposoa/Ojo_Gallo/20251129_102402.jpg,saposoa,Perú,desconocida,externo
C:/Users/napop/leaf-plate-data/saposoa/Ojo_Gallo/20251129_102445.jpg,saposoa,Perú,desconocida,externo
C:/Users/napop/leaf-plate-data/saposoa/Ojo_Gallo/20251129_102518.jpg,saposoa,Perú,desconocida,externo
C:/Users/napop/leaf-plate-data/saposoa/Ojo_Gallo/20251129_102558.jpg,saposoa,Perú,desconocida,externo
C:/Users/napop/leaf-plate-data/saposoa/Ojo_Gallo/20251129_102657.jpg,saposoa,Perú,desconocida,externo
C:/Users/napop/leaf-plate-data/saposoa/Ojo_Gallo/20251129_102732.jpg,saposoa,Perú,desconocida,externo
C:/Users/napop/leaf-plate-data/saposoa/Ojo_Gallo/20251129_102737.jpg,saposoa,Perú,desconocida,externo
C:/Users/napop/leaf-plate-data/saposoa/Ojo_Gallo/20251129_102831.jpg,saposoa,Perú,desconocida,externo
C:/Users/napop/leaf-plate-data/saposoa/Ojo_Gallo/20251129_102838.jpg,saposoa,Perú,desconocida,externo
C:/Users/napop/leaf-plate-data/saposoa/Ojo_Gallo/20251129_102905.jpg,saposoa,Perú,desconocida,externo
C:/Users/napop/leaf-plate-data/saposoa/Ojo_Gallo/20251129_102920.jpg,saposoa,Perú,desconocida,externo
C:/Users/napop/leaf-plate-data/saposoa/Ojo_Gallo/20251129_103003.jpg,saposoa,Perú,desconocida,externo
C:/Users/napop/leaf-plate-data/saposoa/Ojo_Gallo/20251129_103018.jpg,saposoa,Perú,desconocida,externo
C:/Users/napop/leaf-plate-data/saposoa/Ojo_Gallo/20251129_103051.jpg,saposoa,Perú,desconocida,externo
C:/Users/napop/leaf-plate-data/saposoa/Ojo_Gallo/20251129_103110.jpg,saposoa,Perú,desconocida,externo
C:/Users/napop/leaf-plate-data/saposoa/Ojo_Gallo/20251129_103124.jpg,saposoa,Perú,desconocida,externo
C:/Users/napop/leaf-plate-data/saposoa/Ojo_Gallo/20251129_103139.jpg,saposoa,Perú,desconocida,externo
C:/Users/napop/leaf-plate-data/saposoa/Ojo_Gallo/20251129_103154.jpg,saposoa,Perú,desconocida,externo
C:/Users/napop/leaf-plate-data/saposoa/Ojo_Gallo/20251129_103206.jpg,saposoa,Perú,desconocida,externo
C:/Users/napop/leaf-plate-data/saposoa/Ojo_Gallo/20251129_103228.jpg,saposoa,Perú,desconocida,externo
C:/Users/napop/leaf-plate-data/saposoa/Ojo_Gallo/20251129_103304.jpg,saposoa,Perú,desconocida,externo
C:/Users/napop/leaf-plate-data/saposoa/Ojo_Gallo/20251129_103311.jpg,saposoa,Perú,desconocida,externo
C:/Users/napop/leaf-plate-data/saposoa/Ojo_Gallo/20251129_103353.jpg,saposoa,Perú,desconocida,externo
C:/Users/napop/leaf-plate-data/saposoa/Ojo_Gallo/20251129_103409.jpg,saposoa,Perú,desconocida,externo
C:/Users/napop/leaf-plate-data/saposoa/Ojo_Gallo/20251129_103437.jpg,saposoa,Perú,desconocida,externo
C:/Users/napop/leaf-plate-data/saposoa/Ojo_Gallo/20251129_103445.jpg,saposoa,Perú,desconocida,externo
C:/Users/napop/leaf-plate-data/saposoa/Ojo_Gallo/20251129_103532.jpg,saposoa,Perú,desconocida,externo
C:/Users/napop/leaf-plate-data/saposoa/Ojo_Gallo/20251129_103542.jpg,saposoa,Perú,desconocida,externo
C:/Users/napop/leaf-plate-data/saposoa/Ojo_Gallo/20251129_103604.jpg,saposoa,Perú,desconocida,externo
C:/Users/napop/leaf-plate-data/saposoa/Ojo_Gallo/20251129_103610.jpg,saposoa,Perú,desconocida,externo
C:/Users/napop/leaf-plate-data/saposoa/Ojo_Gallo/20251129_103618.jpg,saposoa,Perú,desconocida,externo
C:/Users/napop/leaf-plate-data/saposoa/Ojo_Gallo/20251129_103647.jpg,saposoa,Perú,desconocida,externo
C:/Users/napop/leaf-plate-data/saposoa/Ojo_Gallo/20251129_103728.jpg,saposoa,Perú,desconocida,externo
C:/Users/napop/leaf-plate-data/saposoa/Ojo_Gallo/20251129_103758.jpg,saposoa,Perú,desconocida,externo
C:/Users/napop/leaf-plate-data/saposoa/Ojo_Gallo/20251129_103804.jpg,saposoa,Perú,desconocida,externo
C:/Users/napop/leaf-plate-data/saposoa/Ojo_Gallo/20251129_103839.jpg,saposoa,Perú,desconocida,externo
C:/Users/napop/leaf-plate-data/saposoa/Ojo_Gallo/20251129_103847.jpg,saposoa,Perú,desconocida,externo
C:/Users/napop/leaf-plate-data/saposoa/Ojo_Gallo/20251129_103921.jpg,saposoa,Perú,desconocida,externo
C:/Users/napop/leaf-plate-data/saposoa/Ojo_Gallo/20251129_103938.jpg,saposoa,Perú,desconocida,externo
C:/Users/napop/leaf-plate-data/saposoa/Ojo_Gallo/20251129_103945.jpg,saposoa,Perú,desconocida,externo
C:/Users/napop/leaf-plate-data/saposoa/Ojo_Gallo/20251129_104056.jpg,saposoa,Perú,desconocida,externo
C:/Users/napop/leaf-plate-data/saposoa/Ojo_Gallo/20251129_104212.jpg,saposoa,Perú,desconocida,externo
C:/Users/napop/leaf-plate-data/saposoa/Ojo_Gallo/20251129_104314.jpg,saposoa,Perú,desconocida,externo
C:/Users/napop/leaf-plate-data/saposoa/Ojo_Gallo/20251129_104320.jpg,saposoa,Perú,desconocida,externo
C:/Users/napop/leaf-plate-data/saposoa/Ojo_Gallo/20251129_104346.jpg,saposoa,Perú,desconocida,externo
C:/Users/napop/leaf-plate-data/saposoa/Ojo_Gallo/20251129_104351.jpg,saposoa,Perú,desconocida,externo
C:/Users/napop/leaf-plate-data/saposoa/Ojo_Gallo/20251129_104356.jpg,saposoa,Perú,desconocida,externo
C:/Users/napop/leaf-plate-data/saposoa/Ojo_Gallo/20251129_104403.jpg,saposoa,Perú,desconocida,externo
C:/Users/napop/leaf-plate-data/saposoa/Ojo_Gallo/20251129_104409.jpg,saposoa,Perú,desconocida,externo
C:/Users/napop/leaf-plate-data/saposoa/Ojo_Gallo/20251129_104456.jpg,saposoa,Perú,desconocida,externo
C:/Users/napop/leaf-plate-data/saposoa/Ojo_Gallo/20251129_104554.jpg,saposoa,Perú,desconocida,externo
C:/Users/napop/leaf-plate-data/saposoa/Ojo_Gallo/20251129_104557.jpg,saposoa,Perú,desconocida,externo
C:/Users/napop/leaf-plate-data/saposoa/Ojo_Gallo/20251129_104647.jpg,saposoa,Perú,desconocida,externo
C:/Users/napop/leaf-plate-data/saposoa/Ojo_Gallo/20251129_104706.jpg,saposoa,Perú,desconocida,externo
C:/Users/napop/leaf-plate-data/saposoa/Ojo_Gallo/20251129_104727.jpg,saposoa,Perú,desconocida,externo
C:/Users/napop/leaf-plate-data/saposoa/Ojo_Gallo/20251129_104738.jpg,saposoa,Perú,desconocida,externo
C:/Users/napop/leaf-plate-data/saposoa/Ojo_Gallo/20251129_104745.jpg,saposoa,Perú,desconocida,externo
C:/Users/napop/leaf-plate-data/saposoa/Ojo_Gallo/20251129_104803.jpg,saposoa,Perú,desconocida,externo
C:/Users/napop/leaf-plate-data/saposoa/Ojo_Gallo/20251129_104818.jpg,saposoa,Perú,desconocida,externo
C:/Users/napop/leaf-plate-data/saposoa/Ojo_Gallo/20251129_104901.jpg,saposoa,Perú,desconocida,externo
C:/Users/napop/leaf-plate-data/saposoa/Ojo_Gallo/20251129_104907.jpg,saposoa,Perú,desconocida,externo
C:/Users/napop/leaf-plate-data/saposoa/Ojo_Gallo/20251129_104918.jpg,saposoa,Perú,desconocida,externo
C:/Users/napop/leaf-plate-data/saposoa/Ojo_Gallo/20251129_104924.jpg,saposoa,Perú,desconocida,externo
C:/Users/napop/leaf-plate-data/saposoa/Ojo_Gallo/20251129_104945.jpg,saposoa,Perú,desconocida,externo
C:/Users/napop/leaf-plate-data/saposoa/Ojo_Gallo/20251129_104958.jpg,saposoa,Perú,desconocida,externo
C:/Users/napop/leaf-plate-data/saposoa/Ojo_Gallo/20251129_105017.jpg,saposoa,Perú,desconocida,externo
C:/Users/napop/leaf-plate-data/saposoa/Ojo_Gallo/20251129_105036.jpg,saposoa,Perú,desconocida,externo
C:/Users/napop/leaf-plate-data/saposoa/Ojo_Gallo/20251129_105257.jpg,saposoa,Perú,desconocida,externo
C:/Users/napop/leaf-plate-data/saposoa/Ojo_Gallo/20251129_105404.jpg,saposoa,Perú,desconocida,externo
C:/Users/napop/leaf-plate-data/saposoa/Ojo_Gallo/20251129_105430.jpg,saposoa,Perú,desconocida,externo
C:/Users/napop/leaf-plate-data/saposoa/Ojo_Gallo/20251129_105435.jpg,saposoa,Perú,desconocida,externo
C:/Users/napop/leaf-plate-data/saposoa/Ojo_Gallo/20251129_105445.jpg,saposoa,Perú,desconocida,externo
C:/Users/napop/leaf-plate-data/saposoa/Ojo_Gallo/20251129_105505.jpg,saposoa,Perú,desconocida,externo
C:/Users/napop/leaf-plate-data/saposoa/Ojo_Gallo/20251129_105517.jpg,saposoa,Perú,desconocida,externo
C:/Users/napop/leaf-plate-data/saposoa/Ojo_Gallo/20251129_105537.jpg,saposoa,Perú,desconocida,externo
C:/Users/napop/leaf-plate-data/saposoa/Ojo_Gallo/20251129_114546.jpg,saposoa,Perú,desconocida,externo
C:/Users/napop/leaf-plate-data/saposoa/Ojo_Gallo/20251129_114552.jpg,saposoa,Perú,desconocida,externo
C:/Users/napop/leaf-plate-data/saposoa/Ojo_Gallo/20251129_114556.jpg,saposoa,Perú,desconocida,externo
C:/Users/napop/leaf-plate-data/saposoa/Ojo_Gallo/20251129_114630.jpg,saposoa,Perú,desconocida,externo
C:/Users/napop/leaf-plate-data/saposoa/Ojo_Gallo/20251129_114655.jpg,saposoa,Perú,desconocida,externo
C:/Users/napop/leaf-plate-data/saposoa/Ojo_Gallo/20251129_114708.jpg,saposoa,Perú,desconocida,externo
C:/Users/napop/leaf-plate-data/saposoa/Ojo_Gallo/20251129_114714.jpg,saposoa,Perú,desconocida,externo
C:/Users/napop/leaf-plate-data/saposoa/Ojo_Gallo/20251129_114830.jpg,saposoa,Perú,desconocida,externo
C:/Users/napop/leaf-plate-data/saposoa/Ojo_Gallo/20251129_114858.jpg,saposoa,Perú,desconocida,externo
C:/Users/napop/leaf-plate-data/saposoa/Ojo_Gallo/20251129_114932.jpg,saposoa,Perú,desconocida,externo
C:/Users/napop/leaf-plate-data/saposoa/Ojo_Gallo/20251129_114939.jpg,saposoa,Perú,desconocida,externo
C:/Users/napop/leaf-plate-data/saposoa/Ojo_Gallo/20251129_114946.jpg,saposoa,Perú,desconocida,externo
C:/Users/napop/leaf-plate-data/saposoa/Ojo_Gallo/20251129_114957.jpg,saposoa,Perú,desconocida,externo
C:/Users/napop/leaf-plate-data/saposoa/Ojo_Gallo/20251129_115010.jpg,saposoa,Perú,desconocida,externo
C:/Users/napop/leaf-plate-data/saposoa/Ojo_Gallo/20251129_115017.jpg,saposoa,Perú,desconocida,externo
C:/Users/napop/leaf-plate-data/saposoa/Ojo_Gallo/20251129_115123.jpg,saposoa,Perú,desconocida,externo
C:/Users/napop/leaf-plate-data/saposoa/Ojo_Gallo/20251129_115140.jpg,saposoa,Perú,desconocida,externo
C:/Users/napop/leaf-plate-data/saposoa/Ojo_Gallo/20251129_115201.jpg,saposoa,Perú,desconocida,externo
C:/Users/napop/leaf-plate-data/saposoa/Ojo_Gallo/20251129_115218.jpg,saposoa,Perú,desconocida,externo
C:/Users/napop/leaf-plate-data/saposoa/Ojo_Gallo/20251129_115223.jpg,saposoa,Perú,desconocida,externo
C:/Users/napop/leaf-plate-data/saposoa/Ojo_Gallo/20251129_115251.jpg,saposoa,Perú,desconocida,externo
C:/Users/napop/leaf-plate-data/saposoa/Ojo_Gallo/20251129_115257.jpg,saposoa,Perú,desconocida,externo
C:/Users/napop/leaf-plate-data/saposoa/Ojo_Gallo/20251129_115305.jpg,saposoa,Perú,desconocida,externo
C:/Users/napop/leaf-plate-data/saposoa/Ojo_Gallo/20251129_115313.jpg,saposoa,Perú,desconocida,externo
C:/Users/napop/leaf-plate-data/saposoa/Ojo_Gallo/20251129_115322.jpg,saposoa,Perú,desconocida,externo
C:/Users/napop/leaf-plate-data/saposoa/Ojo_Gallo/20251129_115331.jpg,saposoa,Perú,desconocida,externo
C:/Users/napop/leaf-plate-data/saposoa/Ojo_Gallo/20251129_115342.jpg,saposoa,Perú,desconocida,externo
C:/Users/napop/leaf-plate-data/saposoa/Ojo_Gallo/20251129_115401.jpg,saposoa,Perú,desconocida,externo
C:/Users/napop/leaf-plate-data/saposoa/Ojo_Gallo/20251129_115426.jpg,saposoa,Perú,desconocida,externo
C:/Users/napop/leaf-plate-data/saposoa/Ojo_Gallo/20251129_115438.jpg,saposoa,Perú,desconocida,externo
C:/Users/napop/leaf-plate-data/saposoa/Ojo_Gallo/20251129_115503.jpg,saposoa,Perú,desconocida,externo
C:/Users/napop/leaf-plate-data/saposoa/Ojo_Gallo/20251129_115513.jpg,saposoa,Perú,desconocida,externo
C:/Users/napop/leaf-plate-data/saposoa/Ojo_Gallo/20251129_115534.jpg,saposoa,Perú,desconocida,externo
C:/Users/napop/leaf-plate-data/saposoa/Ojo_Gallo/20251129_115618.jpg,saposoa,Perú,desconocida,externo
C:/Users/napop/leaf-plate-data/saposoa/Ojo_Gallo/20251129_115623.jpg,saposoa,Perú,desconocida,externo
C:/Users/napop/leaf-plate-data/saposoa/Ojo_Gallo/20251129_115633.jpg,saposoa,Perú,desconocida,externo
C:/Users/napop/leaf-plate-data/saposoa/Ojo_Gallo/20251129_115719.jpg,saposoa,Perú,desconocida,externo
C:/Users/napop/leaf-plate-data/saposoa/Ojo_Gallo/20251129_115734.jpg,saposoa,Perú,desconocida,externo
C:/Users/napop/leaf-plate-data/saposoa/Ojo_Gallo/20251129_115754.jpg,saposoa,Perú,desconocida,externo
C:/Users/napop/leaf-plate-data/saposoa/Ojo_Gallo/20251129_115807.jpg,saposoa,Perú,desconocida,externo
C:/Users/napop/leaf-plate-data/saposoa/Ojo_Gallo/20251129_115815.jpg,saposoa,Perú,desconocida,externo
C:/Users/napop/leaf-plate-data/saposoa/Ojo_Gallo/20251129_115822.jpg,saposoa,Perú,desconocida,externo
C:/Users/napop/leaf-plate-data/saposoa/Ojo_Gallo/20251129_115827.jpg,saposoa,Perú,desconocida,externo
C:/Users/napop/leaf-plate-data/saposoa/Ojo_Gallo/20251129_115857.jpg,saposoa,Perú,desconocida,externo
C:/Users/napop/leaf-plate-data/saposoa/Ojo_Gallo/20251129_115900.jpg,saposoa,Perú,desconocida,externo
C:/Users/napop/leaf-plate-data/saposoa/Ojo_Gallo/20251129_115923.jpg,saposoa,Perú,desconocida,externo
C:/Users/napop/leaf-plate-data/saposoa/Ojo_Gallo/20251129_120045.jpg,saposoa,Perú,desconocida,externo
C:/Users/napop/leaf-plate-data/saposoa/Ojo_Gallo/20251129_120152.jpg,saposoa,Perú,desconocida,externo
C:/Users/napop/leaf-plate-data/saposoa/Ojo_Gallo/20251129_120211.jpg,saposoa,Perú,desconocida,externo
C:/Users/napop/leaf-plate-data/saposoa/Ojo_Gallo/20251129_120217.jpg,saposoa,Perú,desconocida,externo
C:/Users/napop/leaf-plate-data/saposoa/Ojo_Gallo/20251129_120227.jpg,saposoa,Perú,desconocida,externo
C:/Users/napop/leaf-plate-data/saposoa/Ojo_Gallo/20251129_120253.jpg,saposoa,Perú,desconocida,externo
C:/Users/napop/leaf-plate-data/saposoa/Ojo_Gallo/20251129_120259.jpg,saposoa,Perú,desconocida,externo
C:/Users/napop/leaf-plate-data/saposoa/Ojo_Gallo/20251129_120332.jpg,saposoa,Perú,desconocida,externo
C:/Users/napop/leaf-plate-data/saposoa/Ojo_Gallo/20251129_120401.jpg,saposoa,Perú,desconocida,externo
C:/Users/napop/leaf-plate-data/saposoa/Ojo_Gallo/20251129_120417.jpg,saposoa,Perú,desconocida,externo
C:/Users/napop/leaf-plate-data/saposoa/Ojo_Gallo/20251129_120512.jpg,saposoa,Perú,desconocida,externo
C:/Users/napop/leaf-plate-data/saposoa/Ojo_Gallo/20251129_120518.jpg,saposoa,Perú,desconocida,externo
C:/Users/napop/leaf-plate-data/saposoa/Ojo_Gallo/20251129_120531.jpg,saposoa,Perú,desconocida,externo
C:/Users/napop/leaf-plate-data/saposoa/Ojo_Gallo/20251129_120538.jpg,saposoa,Perú,desconocida,externo
C:/Users/napop/leaf-plate-data/saposoa/Ojo_Gallo/20251129_120544.jpg,saposoa,Perú,desconocida,externo
C:/Users/napop/leaf-plate-data/saposoa/Ojo_Gallo/20251129_120552.jpg,saposoa,Perú,desconocida,externo
C:/Users/napop/leaf-plate-data/saposoa/Ojo_Gallo/20251129_120633.jpg,saposoa,Perú,desconocida,externo
C:/Users/napop/leaf-plate-data/saposoa/Ojo_Gallo/20251129_120659.jpg,saposoa,Perú,desconocida,externo
C:/Users/napop/leaf-plate-data/saposoa/Ojo_Gallo/20251129_120717.jpg,saposoa,Perú,desconocida,externo
C:/Users/napop/leaf-plate-data/saposoa/Ojo_Gallo/20251129_120745.jpg,saposoa,Perú,desconocida,externo
C:/Users/napop/leaf-plate-data/saposoa/Ojo_Gallo/20251129_120748.jpg,saposoa,Perú,desconocida,externo
C:/Users/napop/leaf-plate-data/saposoa/Ojo_Gallo/20251129_120803.jpg,saposoa,Perú,desconocida,externo
C:/Users/napop/leaf-plate-data/saposoa/Ojo_Gallo/20251129_120820.jpg,saposoa,Perú,desconocida,externo
C:/Users/napop/leaf-plate-data/saposoa/Ojo_Gallo/20251129_120831.jpg,saposoa,Perú,desconocida,externo
C:/Users/napop/leaf-plate-data/saposoa/Ojo_Gallo/20251129_120901.jpg,saposoa,Perú,desconocida,externo
C:/Users/napop/leaf-plate-data/saposoa/Ojo_Gallo/20251129_120915.jpg,saposoa,Perú,desconocida,externo
C:/Users/napop/leaf-plate-data/saposoa/Ojo_Gallo/20251129_120920.jpg,saposoa,Perú,desconocida,externo
C:/Users/napop/leaf-plate-data/saposoa/Ojo_Gallo/20251129_120953.jpg,saposoa,Perú,desconocida,externo
C:/Users/napop/leaf-plate-data/saposoa/Ojo_Gallo/20251129_120956.jpg,saposoa,Perú,desconocida,externo
C:/Users/napop/leaf-plate-data/saposoa/Ojo_Gallo/20251129_121017.jpg,saposoa,Perú,desconocida,externo
C:/Users/napop/leaf-plate-data/saposoa/Ojo_Gallo/20251129_121030.jpg,saposoa,Perú,desconocida,externo
C:/Users/napop/leaf-plate-data/saposoa/Ojo_Gallo/20251129_121051.jpg,saposoa,Perú,desconocida,externo
C:/Users/napop/leaf-plate-data/saposoa/Ojo_Gallo/20251129_121103.jpg,saposoa,Perú,desconocida,externo
C:/Users/napop/leaf-plate-data/saposoa/Ojo_Gallo/20251129_121134.jpg,saposoa,Perú,desconocida,externo
C:/Users/napop/leaf-plate-data/saposoa/Ojo_Gallo/20251129_130229.jpg,saposoa,Perú,desconocida,externo
C:/Users/napop/leaf-plate-data/saposoa/Ojo_Gallo/20251129_130232.jpg,saposoa,Perú,desconocida,externo
C:/Users/napop/leaf-plate-data/saposoa/Ojo_Gallo/20251129_130238.jpg,saposoa,Perú,desconocida,externo
C:/Users/napop/leaf-plate-data/saposoa/Ojo_Gallo/20251129_130241.jpg,saposoa,Perú,desconocida,externo
C:/Users/napop/leaf-plate-data/saposoa/Ojo_Gallo/20251129_130306.jpg,saposoa,Perú,desconocida,externo
C:/Users/napop/leaf-plate-data/saposoa/Ojo_Gallo/20251129_130322.jpg,saposoa,Perú,desconocida,externo
C:/Users/napop/leaf-plate-data/saposoa/Ojo_Gallo/20251129_130402.jpg,saposoa,Perú,desconocida,externo
C:/Users/napop/leaf-plate-data/saposoa/Ojo_Gallo/20251129_130419.jpg,saposoa,Perú,desconocida,externo
C:/Users/napop/leaf-plate-data/saposoa/Ojo_Gallo/20251129_130457.jpg,saposoa,Perú,desconocida,externo
C:/Users/napop/leaf-plate-data/saposoa/Ojo_Gallo/20251129_130522.jpg,saposoa,Perú,desconocida,externo
C:/Users/napop/leaf-plate-data/saposoa/Ojo_Gallo/20251129_130533.jpg,saposoa,Perú,desconocida,externo
C:/Users/napop/leaf-plate-data/saposoa/Ojo_Gallo/20251129_130644.jpg,saposoa,Perú,desconocida,externo
C:/Users/napop/leaf-plate-data/saposoa/Ojo_Gallo/20251129_130657.jpg,saposoa,Perú,desconocida,externo
C:/Users/napop/leaf-plate-data/saposoa/Ojo_Gallo/20251129_130715.jpg,saposoa,Perú,desconocida,externo
C:/Users/napop/leaf-plate-data/saposoa/Ojo_Gallo/20251129_130723.jpg,saposoa,Perú,desconocida,externo
C:/Users/napop/leaf-plate-data/saposoa/Ojo_Gallo/20251129_130733.jpg,saposoa,Perú,desconocida,externo
C:/Users/napop/leaf-plate-data/saposoa/Ojo_Gallo/20251129_130802.jpg,saposoa,Perú,desconocida,externo
C:/Users/napop/leaf-plate-data/saposoa/Ojo_Gallo/20251129_130807.jpg,saposoa,Perú,desconocida,externo
C:/Users/napop/leaf-plate-data/saposoa/Ojo_Gallo/20251129_130817.jpg,saposoa,Perú,desconocida,externo
C:/Users/napop/leaf-plate-data/saposoa/Ojo_Gallo/20251129_130850.jpg,saposoa,Perú,desconocida,externo
C:/Users/napop/leaf-plate-data/saposoa/Ojo_Gallo/20251129_131040.jpg,saposoa,Perú,desconocida,externo
C:/Users/napop/leaf-plate-data/saposoa/Ojo_Gallo/20251129_131046.jpg,saposoa,Perú,desconocida,externo
C:/Users/napop/leaf-plate-data/saposoa/Ojo_Gallo/20251129_131056.jpg,saposoa,Perú,desconocida,externo
C:/Users/napop/leaf-plate-data/saposoa/Ojo_Gallo/20251129_131111.jpg,saposoa,Perú,desconocida,externo
C:/Users/napop/leaf-plate-data/saposoa/Ojo_Gallo/20251129_131125.jpg,saposoa,Perú,desconocida,externo
C:/Users/napop/leaf-plate-data/saposoa/Ojo_Gallo/20251129_131129.jpg,saposoa,Perú,desconocida,externo
C:/Users/napop/leaf-plate-data/saposoa/Ojo_Gallo/20251129_131202.jpg,saposoa,Perú,desconocida,externo
C:/Users/napop/leaf-plate-data/saposoa/Ojo_Gallo/20251129_131229.jpg,saposoa,Perú,desconocida,externo
C:/Users/napop/leaf-plate-data/saposoa/Ojo_Gallo/20251129_131241.jpg,saposoa,Perú,desconocida,externo
C:/Users/napop/leaf-plate-data/saposoa/Ojo_Gallo/20251129_131303.jpg,saposoa,Perú,desconocida,externo
C:/Users/napop/leaf-plate-data/saposoa/Ojo_Gallo/20251129_131320.jpg,saposoa,Perú,desconocida,externo
C:/Users/napop/leaf-plate-data/saposoa/Ojo_Gallo/20251129_131351.jpg,saposoa,Perú,desconocida,externo
C:/Users/napop/leaf-plate-data/saposoa/Ojo_Gallo/20251129_131356.jpg,saposoa,Perú,desconocida,externo
C:/Users/napop/leaf-plate-data/saposoa/Ojo_Gallo/20251129_131402.jpg,saposoa,Perú,desconocida,externo
C:/Users/napop/leaf-plate-data/saposoa/Ojo_Gallo/20251129_131423.jpg,saposoa,Perú,desconocida,externo
C:/Users/napop/leaf-plate-data/saposoa/Ojo_Gallo/20251129_131514.jpg,saposoa,Perú,desconocida,externo
C:/Users/napop/leaf-plate-data/saposoa/Ojo_Gallo/20251129_131521.jpg,saposoa,Perú,desconocida,externo
C:/Users/napop/leaf-plate-data/saposoa/Ojo_Gallo/20251129_131525.jpg,saposoa,Perú,desconocida,externo
C:/Users/napop/leaf-plate-data/saposoa/Ojo_Gallo/20251129_131529.jpg,saposoa,Perú,desconocida,externo
C:/Users/napop/leaf-plate-data/saposoa/Ojo_Gallo/20251129_131620.jpg,saposoa,Perú,desconocida,externo
C:/Users/napop/leaf-plate-data/saposoa/Ojo_Gallo/20251129_131638.jpg,saposoa,Perú,desconocida,externo
C:/Users/napop/leaf-plate-data/saposoa/Ojo_Gallo/20251129_131655.jpg,saposoa,Perú,desconocida,externo
C:/Users/napop/leaf-plate-data/saposoa/Ojo_Gallo/20251129_131720.jpg,saposoa,Perú,desconocida,externo
C:/Users/napop/leaf-plate-data/saposoa/Ojo_Gallo/20251129_131750.jpg,saposoa,Perú,desconocida,externo
C:/Users/napop/leaf-plate-data/saposoa/Ojo_Gallo/20251129_131753.jpg,saposoa,Perú,desconocida,externo
C:/Users/napop/leaf-plate-data/saposoa/Ojo_Gallo/20251129_131815.jpg,saposoa,Perú,desconocida,externo
C:/Users/napop/leaf-plate-data/saposoa/Ojo_Gallo/20251129_131820.jpg,saposoa,Perú,desconocida,externo
C:/Users/napop/leaf-plate-data/saposoa/Ojo_Gallo/20251129_131839.jpg,saposoa,Perú,desconocida,externo
C:/Users/napop/leaf-plate-data/saposoa/Ojo_Gallo/20251129_131901.jpg,saposoa,Perú,desconocida,externo
C:/Users/napop/leaf-plate-data/saposoa/Ojo_Gallo/20251129_131914.jpg,saposoa,Perú,desconocida,externo
C:/Users/napop/leaf-plate-data/saposoa/Ojo_Gallo/20251129_131923.jpg,saposoa,Perú,desconocida,externo
C:/Users/napop/leaf-plate-data/saposoa/Ojo_Gallo/20251129_131938.jpg,saposoa,Perú,desconocida,externo
C:/Users/napop/leaf-plate-data/saposoa/Ojo_Gallo/20251129_132038.jpg,saposoa,Perú,desconocida,externo
C:/Users/napop/leaf-plate-data/saposoa/Ojo_Gallo/20251129_132125.jpg,saposoa,Perú,desconocida,externo
C:/Users/napop/leaf-plate-data/saposoa/Ojo_Gallo/20251129_132200.jpg,saposoa,Perú,desconocida,externo
C:/Users/napop/leaf-plate-data/saposoa/Ojo_Gallo/20251129_132216.jpg,saposoa,Perú,desconocida,externo
C:/Users/napop/leaf-plate-data/saposoa/Ojo_Gallo/20251129_132248.jpg,saposoa,Perú,desconocida,externo
C:/Users/napop/leaf-plate-data/saposoa/Ojo_Gallo/20251129_132305.jpg,saposoa,Perú,desconocida,externo
C:/Users/napop/leaf-plate-data/saposoa/Ojo_Gallo/20251129_132354.jpg,saposoa,Perú,desconocida,externo
C:/Users/napop/leaf-plate-data/saposoa/Ojo_Gallo/20251129_132449.jpg,saposoa,Perú,desconocida,externo
C:/Users/napop/leaf-plate-data/saposoa/Ojo_Gallo/20251129_132501.jpg,saposoa,Perú,desconocida,externo
C:/Users/napop/leaf-plate-data/saposoa/Ojo_Gallo/20251129_132523.jpg,saposoa,Perú,desconocida,externo
C:/Users/napop/leaf-plate-data/saposoa/Ojo_Gallo/20251129_132528.jpg,saposoa,Perú,desconocida,externo
C:/Users/napop/leaf-plate-data/saposoa/Ojo_Gallo/20251129_132534.jpg,saposoa,Perú,desconocida,externo
C:/Users/napop/leaf-plate-data/saposoa/Ojo_Gallo/20251129_132632.jpg,saposoa,Perú,desconocida,externo
C:/Users/napop/leaf-plate-data/saposoa/Ojo_Gallo/20251129_132727.jpg,saposoa,Perú,desconocida,externo
C:/Users/napop/leaf-plate-data/saposoa/Ojo_Gallo/20251129_132732.jpg,saposoa,Perú,desconocida,externo
C:/Users/napop/leaf-plate-data/saposoa/Ojo_Gallo/20251129_132740.jpg,saposoa,Perú,desconocida,externo
C:/Users/napop/leaf-plate-data/saposoa/Ojo_Gallo/20251129_132751.jpg,saposoa,Perú,desconocida,externo
C:/Users/napop/leaf-plate-data/saposoa/Ojo_Gallo/20251129_132832.jpg,saposoa,Perú,desconocida,externo
C:/Users/napop/leaf-plate-data/saposoa/Ojo_Gallo/20251129_132854.jpg,saposoa,Perú,desconocida,externo
C:/Users/napop/leaf-plate-data/saposoa/Ojo_Gallo/20251129_132859.jpg,saposoa,Perú,desconocida,externo
C:/Users/napop/leaf-plate-data/saposoa/Ojo_Gallo/20251129_132910.jpg,saposoa,Perú,desconocida,externo
C:/Users/napop/leaf-plate-data/saposoa/Ojo_Gallo/20251129_132915.jpg,saposoa,Perú,desconocida,externo
C:/Users/napop/leaf-plate-data/saposoa/Ojo_Gallo/20251129_132921.jpg,saposoa,Perú,desconocida,externo
C:/Users/napop/leaf-plate-data/saposoa/Ojo_Gallo/20251129_132954.jpg,saposoa,Perú,desconocida,externo
C:/Users/napop/leaf-plate-data/saposoa/Ojo_Gallo/20251129_133000.jpg,saposoa,Perú,desconocida,externo
C:/Users/napop/leaf-plate-data/saposoa/Ojo_Gallo/20251129_133018.jpg,saposoa,Perú,desconocida,externo
C:/Users/napop/leaf-plate-data/saposoa/Ojo_Gallo/20251129_133030.jpg,saposoa,Perú,desconocida,externo
C:/Users/napop/leaf-plate-data/saposoa/Ojo_Gallo/20251129_133340.jpg,saposoa,Perú,desconocida,externo
C:/Users/napop/leaf-plate-data/saposoa/Ojo_Gallo/20251129_133353.jpg,saposoa,Perú,desconocida,externo
C:/Users/napop/leaf-plate-data/saposoa/Ojo_Gallo/20251129_133423.jpg,saposoa,Perú,desconocida,externo
C:/Users/napop/leaf-plate-data/saposoa/Ojo_Gallo/20251129_133456.jpg,saposoa,Perú,desconocida,externo
C:/Users/napop/leaf-plate-data/saposoa/Ojo_Gallo/20251129_133515.jpg,saposoa,Perú,desconocida,externo
C:/Users/napop/leaf-plate-data/saposoa/Ojo_Gallo/20251129_133519.jpg,saposoa,Perú,desconocida,externo
C:/Users/napop/leaf-plate-data/saposoa/Ojo_Gallo/20251129_133527.jpg,saposoa,Perú,desconocida,externo
C:/Users/napop/leaf-plate-data/saposoa/Ojo_Gallo/20251129_133625.jpg,saposoa,Perú,desconocida,externo
C:/Users/napop/leaf-plate-data/saposoa/Ojo_Gallo/20251129_133633.jpg,saposoa,Perú,desconocida,externo
C:/Users/napop/leaf-plate-data/saposoa/Ojo_Gallo/20251129_133740.jpg,saposoa,Perú,desconocida,externo
C:/Users/napop/leaf-plate-data/saposoa/Ojo_Gallo/20251129_133814.jpg,saposoa,Perú,desconocida,externo
C:/Users/napop/leaf-plate-data/saposoa/Ojo_Gallo/20251129_133824.jpg,saposoa,Perú,desconocida,externo
C:/Users/napop/leaf-plate-data/saposoa/Ojo_Gallo/20251129_133840.jpg,saposoa,Perú,desconocida,externo
C:/Users/napop/leaf-plate-data/saposoa/Ojo_Gallo/20251129_133850.jpg,saposoa,Perú,desconocida,externo
C:/Users/napop/leaf-plate-data/saposoa/Ojo_Gallo/20251129_133912.jpg,saposoa,Perú,desconocida,externo
C:/Users/napop/leaf-plate-data/saposoa/Ojo_Gallo/20251129_133933.jpg,saposoa,Perú,desconocida,externo
C:/Users/napop/leaf-plate-data/saposoa/Ojo_Gallo/20251129_133943.jpg,saposoa,Perú,desconocida,externo
C:/Users/napop/leaf-plate-data/saposoa/Ojo_Gallo/20251129_133953.jpg,saposoa,Perú,desconocida,externo
C:/Users/napop/leaf-plate-data/saposoa/Ojo_Gallo/20251129_133959.jpg,saposoa,Perú,desconocida,externo
C:/Users/napop/leaf-plate-data/saposoa/Ojo_Gallo/20251129_134106.jpg,saposoa,Perú,desconocida,externo
C:/Users/napop/leaf-plate-data/saposoa/Ojo_Gallo/20251129_134335.jpg,saposoa,Perú,desconocida,externo
C:/Users/napop/leaf-plate-data/saposoa/Ojo_Gallo/20251129_134344.jpg,saposoa,Perú,desconocida,externo
C:/Users/napop/leaf-plate-data/saposoa/Ojo_Gallo/20251129_134401.jpg,saposoa,Perú,desconocida,externo
C:/Users/napop/leaf-plate-data/saposoa/Ojo_Gallo/20251129_134420.jpg,saposoa,Perú,desconocida,externo
C:/Users/napop/leaf-plate-data/saposoa/Ojo_Gallo/20251129_134502.jpg,saposoa,Perú,desconocida,externo
C:/Users/napop/leaf-plate-data/saposoa/Ojo_Gallo/20251129_134506.jpg,saposoa,Perú,desconocida,externo
C:/Users/napop/leaf-plate-data/saposoa/Ojo_Gallo/20251129_134517.jpg,saposoa,Perú,desconocida,externo
C:/Users/napop/leaf-plate-data/saposoa/Ojo_Gallo/20251129_134527.jpg,saposoa,Perú,desconocida,externo
C:/Users/napop/leaf-plate-data/saposoa/Ojo_Gallo/20251129_134557.jpg,saposoa,Perú,desconocida,externo
C:/Users/napop/leaf-plate-data/saposoa/Ojo_Gallo/20251129_134615.jpg,saposoa,Perú,desconocida,externo
C:/Users/napop/leaf-plate-data/saposoa/Ojo_Gallo/20251129_134656.jpg,saposoa,Perú,desconocida,externo
C:/Users/napop/leaf-plate-data/saposoa/Ojo_Gallo/20251129_134708.jpg,saposoa,Perú,desconocida,externo
C:/Users/napop/leaf-plate-data/saposoa/Ojo_Gallo/20251129_134713.jpg,saposoa,Perú,desconocida,externo
C:/Users/napop/leaf-plate-data/saposoa/Ojo_Gallo/20251129_134724.jpg,saposoa,Perú,desconocida,externo
C:/Users/napop/leaf-plate-data/saposoa/Ojo_Gallo/20251129_134753.jpg,saposoa,Perú,desconocida,externo
C:/Users/napop/leaf-plate-data/saposoa/Ojo_Gallo/20251129_134917.jpg,saposoa,Perú,desconocida,externo
C:/Users/napop/leaf-plate-data/saposoa/Ojo_Gallo/20251129_135000.jpg,saposoa,Perú,desconocida,externo
C:/Users/napop/leaf-plate-data/saposoa/Ojo_Gallo/20251129_135004.jpg,saposoa,Perú,desconocida,externo
C:/Users/napop/leaf-plate-data/saposoa/Ojo_Gallo/20251129_135020.jpg,saposoa,Perú,desconocida,externo
C:/Users/napop/leaf-plate-data/saposoa/Ojo_Gallo/20251129_135027.jpg,saposoa,Perú,desconocida,externo
C:/Users/napop/leaf-plate-data/saposoa/Ojo_Gallo/20251129_135036.jpg,saposoa,Perú,desconocida,externo
C:/Users/napop/leaf-plate-data/saposoa/Ojo_Gallo/20251129_135042.jpg,saposoa,Perú,desconocida,externo
C:/Users/napop/leaf-plate-data/saposoa/Ojo_Gallo/20251129_135118.jpg,saposoa,Perú,desconocida,externo
C:/Users/napop/leaf-plate-data/saposoa/Ojo_Gallo/20251129_135125.jpg,saposoa,Perú,desconocida,externo
C:/Users/napop/leaf-plate-data/saposoa/Ojo_Gallo/20251129_135137.jpg,saposoa,Perú,desconocida,externo
C:/Users/napop/leaf-plate-data/saposoa/Ojo_Gallo/20251129_135142.jpg,saposoa,Perú,desconocida,externo
C:/Users/napop/leaf-plate-data/saposoa/Ojo_Gallo/20251129_135152.jpg,saposoa,Perú,desconocida,externo
C:/Users/napop/leaf-plate-data/saposoa/Ojo_Gallo/20251129_135205.jpg,saposoa,Perú,desconocida,externo
C:/Users/napop/leaf-plate-data/saposoa/Ojo_Gallo/20251129_135212.jpg,saposoa,Perú,desconocida,externo
C:/Users/napop/leaf-plate-data/saposoa/Ojo_Gallo/20251129_135217.jpg,saposoa,Perú,desconocida,externo
C:/Users/napop/leaf-plate-data/saposoa/Ojo_Gallo/20251129_135225.jpg,saposoa,Perú,desconocida,externo
C:/Users/napop/leaf-plate-data/saposoa/Ojo_Gallo/20251129_135235.jpg,saposoa,Perú,desconocida,externo
C:/Users/napop/leaf-plate-data/saposoa/Ojo_Gallo/20251129_135253.jpg,saposoa,Perú,desconocida,externo
C:/Users/napop/leaf-plate-data/saposoa/Ojo_Gallo/20251129_135335.jpg,saposoa,Perú,desconocida,externo
C:/Users/napop/leaf-plate-data/saposoa/Ojo_Gallo/20251129_135341.jpg,saposoa,Perú,desconocida,externo
C:/Users/napop/leaf-plate-data/saposoa/Ojo_Gallo/20251129_135422.jpg,saposoa,Perú,desconocida,externo
C:/Users/napop/leaf-plate-data/saposoa/Ojo_Gallo/20251129_135428.jpg,saposoa,Perú,desconocida,externo
C:/Users/napop/leaf-plate-data/saposoa/Ojo_Gallo/20251129_135448.jpg,saposoa,Perú,desconocida,externo
C:/Users/napop/leaf-plate-data/saposoa/Ojo_Gallo/20251129_135510.jpg,saposoa,Perú,desconocida,externo
C:/Users/napop/leaf-plate-data/saposoa/Ojo_Gallo/20251129_135531.jpg,saposoa,Perú,desconocida,externo
C:/Users/napop/leaf-plate-data/saposoa/Ojo_Gallo/20251129_135538.jpg,saposoa,Perú,desconocida,externo
C:/Users/napop/leaf-plate-data/saposoa/Ojo_Gallo/20251129_135551.jpg,saposoa,Perú,desconocida,externo
C:/Users/napop/leaf-plate-data/saposoa/Ojo_Gallo/20251129_135556.jpg,saposoa,Perú,desconocida,externo
C:/Users/napop/leaf-plate-data/saposoa/Ojo_Gallo/20251129_135606.jpg,saposoa,Perú,desconocida,externo
C:/Users/napop/leaf-plate-data/saposoa/Ojo_Gallo/20251129_135624.jpg,saposoa,Perú,desconocida,externo
C:/Users/napop/leaf-plate-data/saposoa/Ojo_Gallo/20251129_135755.jpg,saposoa,Perú,desconocida,externo
C:/Users/napop/leaf-plate-data/saposoa/Ojo_Gallo/20251129_135804.jpg,saposoa,Perú,desconocida,externo
C:/Users/napop/leaf-plate-data/saposoa/Ojo_Gallo/20251129_135827.jpg,saposoa,Perú,desconocida,externo
C:/Users/napop/leaf-plate-data/saposoa/Ojo_Gallo/20251129_135845.jpg,saposoa,Perú,desconocida,externo
C:/Users/napop/leaf-plate-data/saposoa/Ojo_Gallo/20251129_135900.jpg,saposoa,Perú,desconocida,externo
C:/Users/napop/leaf-plate-data/saposoa/Ojo_Gallo/20251129_135927.jpg,saposoa,Perú,desconocida,externo
C:/Users/napop/leaf-plate-data/saposoa/Ojo_Gallo/20251129_140008.jpg,saposoa,Perú,desconocida,externo
C:/Users/napop/leaf-plate-data/saposoa/Ojo_Gallo/20251129_140011.jpg,saposoa,Perú,desconocida,externo
C:/Users/napop/leaf-plate-data/saposoa/Ojo_Gallo/20251129_140020.jpg,saposoa,Perú,desconocida,externo
C:/Users/napop/leaf-plate-data/saposoa/Ojo_Gallo/20251129_140025.jpg,saposoa,Perú,desconocida,externo
C:/Users/napop/leaf-plate-data/saposoa/Ojo_Gallo/20251129_140038.jpg,saposoa,Perú,desconocida,externo
C:/Users/napop/leaf-plate-data/saposoa/Ojo_Gallo/20251129_140043.jpg,saposoa,Perú,desconocida,externo
C:/Users/napop/leaf-plate-data/saposoa/Ojo_Gallo/20251129_140128.jpg,saposoa,Perú,desconocida,externo
C:/Users/napop/leaf-plate-data/saposoa/Ojo_Gallo/20251129_140136.jpg,saposoa,Perú,desconocida,externo
C:/Users/napop/leaf-plate-data/saposoa/Ojo_Gallo/20251129_140207.jpg,saposoa,Perú,desconocida,externo
C:/Users/napop/leaf-plate-data/saposoa/Ojo_Gallo/20251129_140216.jpg,saposoa,Perú,desconocida,externo
C:/Users/napop/leaf-plate-data/saposoa/Ojo_Gallo/20251129_140227.jpg,saposoa,Perú,desconocida,externo
C:/Users/napop/leaf-plate-data/saposoa/Ojo_Gallo/20251129_140236.jpg,saposoa,Perú,desconocida,externo
C:/Users/napop/leaf-plate-data/saposoa/Ojo_Gallo/20251129_140240.jpg,saposoa,Perú,desconocida,externo
C:/Users/napop/leaf-plate-data/saposoa/Ojo_Gallo/20251129_140502.jpg,saposoa,Perú,desconocida,externo
C:/Users/napop/leaf-plate-data/saposoa/Ojo_Gallo/20251129_140505.jpg,saposoa,Perú,desconocida,externo
C:/Users/napop/leaf-plate-data/saposoa/Ojo_Gallo/20251129_140508.jpg,saposoa,Perú,desconocida,externo
C:/Users/napop/leaf-plate-data/saposoa/Ojo_Gallo/20251129_140513.jpg,saposoa,Perú,desconocida,externo
C:/Users/napop/leaf-plate-data/saposoa/Ojo_Gallo/20251129_140516.jpg,saposoa,Perú,desconocida,externo
C:/Users/napop/leaf-plate-data/saposoa/Ojo_Gallo/20251129_140528.jpg,saposoa,Perú,desconocida,externo
C:/Users/napop/leaf-plate-data/saposoa/Ojo_Gallo/20251129_140538.jpg,saposoa,Perú,desconocida,externo
C:/Users/napop/leaf-plate-data/saposoa/Ojo_Gallo/20251129_140553.jpg,saposoa,Perú,desconocida,externo
C:/Users/napop/leaf-plate-data/saposoa/Ojo_Gallo/20251129_140618.jpg,saposoa,Perú,desconocida,externo
C:/Users/napop/leaf-plate-data/saposoa/Ojo_Gallo/20251129_140653.jpg,saposoa,Perú,desconocida,externo
C:/Users/napop/leaf-plate-data/saposoa/Ojo_Gallo/20251129_140657.jpg,saposoa,Perú,desconocida,externo
C:/Users/napop/leaf-plate-data/saposoa/Ojo_Gallo/20251129_140708.jpg,saposoa,Perú,desconocida,externo
C:/Users/napop/leaf-plate-data/saposoa/Ojo_Gallo/20251129_140713.jpg,saposoa,Perú,desconocida,externo
C:/Users/napop/leaf-plate-data/saposoa/Ojo_Gallo/20251129_140744.jpg,saposoa,Perú,desconocida,externo
C:/Users/napop/leaf-plate-data/saposoa/Ojo_Gallo/20251129_140749.jpg,saposoa,Perú,desconocida,externo
C:/Users/napop/leaf-plate-data/saposoa/Ojo_Gallo/20251129_140753.jpg,saposoa,Perú,desconocida,externo
C:/Users/napop/leaf-plate-data/saposoa/Ojo_Gallo/20251129_140759.jpg,saposoa,Perú,desconocida,externo
C:/Users/napop/leaf-plate-data/saposoa/Ojo_Gallo/20251129_140802.jpg,saposoa,Perú,desconocida,externo
C:/Users/napop/leaf-plate-data/saposoa/Ojo_Gallo/20251129_140813.jpg,saposoa,Perú,desconocida,externo
C:/Users/napop/leaf-plate-data/saposoa/Ojo_Gallo/20251129_140816.jpg,saposoa,Perú,desconocida,externo
C:/Users/napop/leaf-plate-data/saposoa/Ojo_Gallo/20251129_140820.jpg,saposoa,Perú,desconocida,externo
C:/Users/napop/leaf-plate-data/saposoa/Ojo_Gallo/20251129_140842.jpg,saposoa,Perú,desconocida,externo
C:/Users/napop/leaf-plate-data/saposoa/Ojo_Gallo/20251129_140850.jpg,saposoa,Perú,desconocida,externo
C:/Users/napop/leaf-plate-data/saposoa/Ojo_Gallo/20251129_140907.jpg,saposoa,Perú,desconocida,externo
C:/Users/napop/leaf-plate-data/saposoa/Ojo_Gallo/20251129_140938.jpg,saposoa,Perú,desconocida,externo
